"","OrderYear","Division","PaymentMethod","OrderAmount","Type1","Type2","Type3","Type4","Type5"
"1",2013,"Toronto Parking Authority","Fee Waived - City Staff Use","$452.00","TOPOPARCEL","CUMAP",NA,NA,NA
"2",2013,"City Managers Office","Fee Waived - City Staff Use","$813.60","MAPPING",NA,NA,NA,NA
"3",2013,"City Managers Office","Fee Waived - City Staff Use","$813.60","MAPPING",NA,NA,NA,NA
"4",2013,"City Solicitorùs Office","Fee Waived - Consultant","$62.15","MAPPING",NA,NA,NA,NA
"5",2013,"City Solicitorùs Office","Fee Waived - Consultant","$184.76","MAPPING",NA,NA,NA,NA
"6",2013,"Parks Forestry & Recreation","Fee Waived - Consultant","$452.00","TOPOPARCEL","CUMAP",NA,NA,NA
"7",2013,"Parks Forestry & Recreation","Fee Waived - Consultant","$452.00","TOPOPARCEL","CUMAP",NA,NA,NA
"8",2013,"Transportation Services","Fee Waived - City Staff Use","$565.00","TOPOPARCEL","CUMAP","PDM",NA,NA
"9",2013,"Parks Forestry & Recreation","Fee Waived - City Staff Use","$16.95","MAPPING",NA,NA,NA,NA
"10",2013,"Parks Forestry & Recreation","Fee Waived - City Staff Use","$16.95","MAPPING",NA,NA,NA,NA
"11",2013,"Parks Forestry & Recreation","Fee Waived - City Staff Use","$74.58","MAPPING",NA,NA,NA,NA
"12",2013,"Municipal Licensing & Standards","Fee Waived - City Staff Use","$813.60","MAPPING",NA,NA,NA,NA
"13",2013,"Municipal Licensing & Standards","Fee Waived - City Staff Use","$28.25","MAPPING",NA,NA,NA,NA
"14",2013,"City Council","Fee Waived - City Staff Use","$4,132.41","TOPOPARCEL",NA,NA,NA,NA
"15",2013,"Parks Forestry & Recreation","Fee Waived - City Staff Use","$113.00","MAPPING",NA,NA,NA,NA
"16",2013,"Parks Forestry & Recreation","Fee Waived - City Staff Use","$28.25","MAPPING",NA,NA,NA,NA
"17",2013,"Parks Forestry & Recreation","Fee Waived - City Staff Use","$90.40","MAPPING",NA,NA,NA,NA
"18",2013,"Parks Forestry & Recreation","Fee Waived - City Staff Use","$28.25","MAPPING",NA,NA,NA,NA
"19",2013,"Parks Forestry & Recreation","Fee Waived - City Staff Use","$56.50","MAPPING",NA,NA,NA,NA
"20",2013,"Transportation Services","Fee Waived - Consultant","$847.50","MAPPING",NA,NA,NA,NA
"21",2013,"Toronto Water","Fee Waived - Consultant","$4,507.01","MAPPING","TOPOPARCEL",NA,NA,NA
"22",2013,"Toronto Water","Fee Waived - Consultant","$3,953.31","TOPOPARCEL","MAPPING",NA,NA,NA
"23",2013,"Toronto Water","Fee Waived - Consultant","$4,518.31","TOPOPARCEL","MAPPING",NA,NA,NA
"24",2013,"Toronto Water","Fee Waived - Consultant","$16,556.76","TOPOPARCEL","MAPPING",NA,NA,NA
"25",2013,"Parks Forestry & Recreation","Fee Waived - City Staff Use","$39.55","MAPPING",NA,NA,NA,NA
"26",2013,"Police Services","Fee Waived - City Staff Use","$158.20","MAPPING",NA,NA,NA,NA
"27",2013,"City Planning","Fee Waived - City Staff Use","$3,474.75","MAPPING","TOPOPARCEL",NA,NA,NA
"28",2013,"Transportation Services","Fee Waived - Consultant","$3,409.89","TOPOPARCEL","CUMAP",NA,NA,NA
"29",2013,"Transportation Services","Fee Waived - Consultant","$3,409.89","TOPOPARCEL","CUMAP",NA,NA,NA
"30",2013,"Transportation Services","Fee Waived - Consultant","$5,208.40","TOPOPARCEL","CUMAP",NA,NA,NA
"31",2013,"Engineering Construction Services","Fee Waived - Consultant","$24,652.53","PDM","TOPOPARCEL","CUMAP",NA,NA
"32",2013,"Engineering Construction Services","Fee Waived - Consultant","$2,909.75","MAPPING",NA,NA,NA,NA
"33",2013,"Transportation Services","Fee Waived - Consultant","$5,156.42","TOPOPARCEL","CUMAP",NA,NA,NA
"34",2013,"Transportation Services","Fee Waived - City Staff Use","$5,156.42","TOPOPARCEL","CUMAP",NA,NA,NA
"35",2013,"City Council","Fee Waived - City Staff Use","$67.80","MAPPING",NA,NA,NA,NA
"36",2013,"Engineering Construction Services","Fee Waived - Consultant","$19,147.85","TOPOPARCEL","MAPPING",NA,NA,NA
"37",2013,"Fire Services","Fee Waived - City Staff Use","$16.95","MAPPING",NA,NA,NA,NA
"38",2013,"Parks Forestry & Recreation","Fee Waived - City Staff Use","$56.50","MAPPING",NA,NA,NA,NA
"39",2013,"Parks Forestry & Recreation","Fee Waived - City Staff Use","$56.50","MAPPING",NA,NA,NA,NA
"40",2013,"Toronto Water","Fee Waived - Consultant","$1,986.43","TOPOPARCEL","MAPPING",NA,NA,NA
"41",2013,"Transportation Services","Fee Waived - Consultant","$1,073.50","MAPPING","PDM",NA,NA,NA
"42",2013,"Transportation Services","Fee Waived - City Staff Use","$1,073.50","MAPPING","PDM",NA,NA,NA
"43",2013,"City Council","Fee Waived - City Staff Use","$67.80","MAPPING",NA,NA,NA,NA
"44",2013,"Toronto Water","Fee Waived - Consultant","$1,850.83","TOPOPARCEL","MAPPING","PDM",NA,NA
"45",2013,"Toronto Water","Fee Waived - Consultant","$1,850.83","TOPOPARCEL","MAPPING","PDM",NA,NA
"46",2013,"Engineering Construction Services","Fee Waived - Consultant","$5,907.08","MAPPING",NA,NA,NA,NA
"47",2013,"Transportation Services","Fee Waived - City Staff Use","$12,452.60","TOPOPARCEL","MAPPING",NA,NA,NA
"48",2013,"Fire Services","Fee Waived - City Staff Use","$4.52","PDM",NA,NA,NA,NA
"49",2013,"City Council","Fee Waived - City Staff Use","$28.25","MAPPING",NA,NA,NA,NA
"50",2013,"Parks Forestry & Recreation","Fee Waived - City Staff Use","$62.15","MAPPING",NA,NA,NA,NA
"51",2013,"City Council","Fee Waived - City Staff Use","$11.30","MAPPING",NA,NA,NA,NA
"52",2013,"City Planning","Fee Waived - City Staff Use","$67.80","MAPPING",NA,NA,NA,NA
"53",2013,"Facilities Management","Fee Waived - City Staff Use","$11.30","MAPPING",NA,NA,NA,NA
"54",2013,"Engineering Construction Services","Fee Waived - Consultant","$28.25","MAPPING",NA,NA,NA,NA
"55",2013,"Engineering Construction Services","Fee Waived - City Staff Use","$28.25","MAPPING",NA,NA,NA,NA
"56",2013,"Parks Forestry & Recreation","Fee Waived - Consultant","$1,017.00","TOPOPARCEL","PDM","MAPPING",NA,NA
"57",2013,"Parks Forestry & Recreation","Fee Waived - Consultant","$1,017.00","TOPOPARCEL","PDM","MAPPING",NA,NA
"58",2013,"Parks Forestry & Recreation","Fee Waived - City Staff Use","$1,017.00","TOPOPARCEL","PDM","MAPPING",NA,NA
"59",2013,"City Council","Fee Waived - City Staff Use","$28.25","MAPPING",NA,NA,NA,NA
"60",2013,"Police Services","Fee Waived - City Staff Use","$67.80","MAPPING",NA,NA,NA,NA
"61",2013,"City Planning","Fee Waived - City Staff Use","$67.80","MAPPING",NA,NA,NA,NA
"62",2013,"Engineering Construction Services","Fee Waived - Consultant","$2,237.29","TOPOPARCEL","MAPPING",NA,NA,NA
"63",2013,"City Council","Fee Waived - City Staff Use","$28.25","MAPPING",NA,NA,NA,NA
"64",2013,"City Planning","Fee Waived - City Staff Use","$932.25","PDM","MAPPING",NA,NA,NA
"65",2013,"City Planning","Fee Waived - City Staff Use","$84.75","MAPPING",NA,NA,NA,NA
"66",2013,"Parks Forestry & Recreation","Fee Waived - City Staff Use","$158.20","PDM",NA,NA,NA,NA
"67",2013,"Engineering Construction Services","Fee Waived - City Staff Use","$689.30","MAPPING","TOPOPARCEL",NA,NA,NA
"68",2013,"Parks Forestry & Recreation","Fee Waived - Consultant","$689.30","TOPOPARCEL","CUMAP","MAPPING",NA,NA
"69",2013,"Parks Forestry & Recreation","Fee Waived - Consultant","$2,076.04","TOPOPARCEL","CUMAP","MAPPING",NA,NA
"70",2013,"Policy Planning Finance & Admin","Fee Waived - City Staff Use","$67.80","MAPPING",NA,NA,NA,NA
"71",2013,"Engineering Construction Services","Fee Waived - City Staff Use","$-","MAPPING",NA,NA,NA,NA
"72",2013,"Parks Forestry & Recreation","Fee Waived - City Staff Use","$689.30","TOPOPARCEL","CUMAP","MAPPING",NA,NA
"73",2013,"Parks Forestry & Recreation","Fee Waived - City Staff Use","$2,076.04","TOPOPARCEL","CUMAP","MAPPING",NA,NA
"74",2013,"Unknown","Fee Waived - Consultant","$113,192.10","TOPOPARCEL","MAPPING","PDM","CUMAP",NA
"75",2013,"Police Services","Fee Waived - City Staff Use","$216,960.00","TOPOPARCEL",NA,NA,NA,NA
"76",2013,"Police Services","Fee Waived - City Staff Use","$216,960.00","TOPOPARCEL",NA,NA,NA,NA
"77",2013,"Policy Planning Finance & Admin","Fee Waived - City Staff Use","$67.80","MAPPING",NA,NA,NA,NA
"78",2013,"Engineering Construction Services","Fee Waived - Consultant","$293.80","TOPOPARCEL","MAPPING",NA,NA,NA
"79",2013,"Accounting Services","Fee Waived - City Staff Use","$56.50","MAPPING",NA,NA,NA,NA
"80",2013,"City Planning","Fee Waived - City Staff Use","$113.00","MAPPING",NA,NA,NA,NA
"81",2013,"City Planning","Fee Waived - City Staff Use","$282.50","MAPPING",NA,NA,NA,NA
"82",2013,"Parks Forestry & Recreation","Fee Waived - City Staff Use","$84.75","MAPPING",NA,NA,NA,NA
"83",2013,"Engineering Construction Services","Fee Waived - City Staff Use","$113.00","MAPPING",NA,NA,NA,NA
"84",2013,"City Council","Fee Waived - City Staff Use","$35.03","MAPPING",NA,NA,NA,NA
"85",2013,"Municipal Licensing & Standards","Fee Waived - City Staff Use","$28.25","MAPPING",NA,NA,NA,NA
"86",2013,"City Planning","Fee Waived - Consultant","$638.45","MAPPING","TOPOPARCEL",NA,NA,NA
"87",2013,"Parks Forestry & Recreation","Fee Waived - City Staff Use","$33.90","MAPPING",NA,NA,NA,NA
"88",2013,"Metrolinx","Fee Waived - Consultant","$88,758.11","TOPOPARCEL","MAPPING","PDM","CUMAP",NA
"89",2013,"Policy Planning Finance & Admin","Fee Waived - City Staff Use","$67.80","MAPPING",NA,NA,NA,NA
"90",2013,"Engineering Construction Services","Fee Waived - City Staff Use","$293.80","MAPPING","CUMAP",NA,NA,NA
"91",2013,"Engineering Construction Services","Fee Waived - City Staff Use","$226.00","MAPPING","CUMAP",NA,NA,NA
"92",2013,"Metrolinx","Fee Waived - Consultant","$33,736.15","TOPOPARCEL","MAPPING",NA,NA,NA
"93",2013,"Metrolinx","Fee Waived - Consultant","$88,758.11","TOPOPARCEL","MAPPING","PDM","CUMAP",NA
"94",2013,"Toronto Parking Authority","Fee Waived - City Staff Use","$452.00","TOPOPARCEL","CUMAP",NA,NA,NA
"95",2013,"City Council","Fee Waived - City Staff Use","$28.25","MAPPING",NA,NA,NA,NA
"96",2013,"Policy Planning Finance & Admin","Fee Waived - City Staff Use","$67.80","MAPPING",NA,NA,NA,NA
"97",2013,"City Council","Fee Waived - City Staff Use","$40.68","MAPPING",NA,NA,NA,NA
"98",2013,"Metrolinx","Fee Waived - Consultant","$21,543.45","TOPOPARCEL","MAPPING","PDM","CUMAP",NA
"99",2013,"Parks Forestry & Recreation","Fee Waived - City Staff Use","$113.00","MAPPING",NA,NA,NA,NA
"100",2013,"Parks Forestry & Recreation","Fee Waived - Consultant","$632.80","TOPOPARCEL","CUMAP","MAPPING",NA,NA
"101",2013,"Parks Forestry & Recreation","Fee Waived - Consultant","$632.80","TOPOPARCEL","CUMAP","MAPPING",NA,NA
"102",2013,"Police Services","Fee Waived - City Staff Use","$216,960.00","TOPOPARCEL",NA,NA,NA,NA
"103",2013,"City Council","Fee Waived - City Staff Use","$28.25","MAPPING",NA,NA,NA,NA
"104",2013,"Public Consultation","Fee Waived - City Staff Use","$67.80","MAPPING",NA,NA,NA,NA
"105",2013,"City Council","Fee Waived - City Staff Use","$28.25","MAPPING",NA,NA,NA,NA
"106",2013,"Transportation Services","Fee Waived - City Staff Use","$6,893.00","MAPPING",NA,NA,NA,NA
"107",2013,"Toronto Water","Fee Waived - Consultant","$5,291.56","TOPOPARCEL","CUMAP",NA,NA,NA
"108",2013,"Parks Forestry & Recreation","Fee Waived - City Staff Use","$67.80","MAPPING",NA,NA,NA,NA
"109",2013,"Fire Services","Fee Waived - City Staff Use","$56.50","MAPPING",NA,NA,NA,NA
"110",2013,"Fire Services","Fee Waived - City Staff Use","$28.25","MAPPING",NA,NA,NA,NA
"111",2013,"Fire Services","Fee Waived - City Staff Use","$-","MAPPING",NA,NA,NA,NA
"112",2013,"Toronto Water","Fee Waived - City Staff Use","$4,769.73","TOPOPARCEL",NA,NA,NA,NA
"113",2013,"Economic Development & Culture","Fee Waived - City Staff Use","$104,073.00","PDM",NA,NA,NA,NA
"114",2013,"City Planning","Fee Waived - Consultant","$1,672.40","MAPPING",NA,NA,NA,NA
"115",2013,"TO2015 PanAm/ParapanAm","Fee Waived - Consultant","$226.00","PDM",NA,NA,NA,NA
"116",2013,"Parks Forestry & Recreation","Fee Waived - City Staff Use","$152.55","MAPPING",NA,NA,NA,NA
"117",2013,"City Planning","Fee Waived - Consultant","$11,841.95","TOPOPARCEL","CUMAP","PDM","MAPPING",NA
"118",2013,"Transportation Services","Fee Waived - City Staff Use","$158.20","PDM",NA,NA,NA,NA
"119",2013,"Transportation Services","Fee Waived - Consultant","$452.00","TOPOPARCEL","CUMAP",NA,NA,NA
"120",2013,"Transportation Services","Fee Waived - City Staff Use","$452.00","TOPOPARCEL","CUMAP",NA,NA,NA
"121",2013,"Economic Development & Culture","Fee Waived - City Staff Use","$158.20","PDM",NA,NA,NA,NA
"122",2013,"Police Services","Fee Waived - City Staff Use","$28.25","MAPPING",NA,NA,NA,NA
"123",2013,"Transportation Services","Fee Waived - City Staff Use","$248.60","MAPPING",NA,NA,NA,NA
"124",2013,"Engineering Construction Services","Fee Waived - Consultant","$1,356.00","MAPPING",NA,NA,NA,NA
"125",2013,"Engineering Construction Services","Fee Waived - Consultant","$67.80","MAPPING",NA,NA,NA,NA
"126",2013,"City Council","Fee Waived - City Staff Use","$35.03","MAPPING",NA,NA,NA,NA
"127",2013,"Engineering Construction Services","Fee Waived - Consultant","$67.80","MAPPING",NA,NA,NA,NA
"128",2013,"Parks Forestry & Recreation","Fee Waived - Consultant","$452.00","TOPOPARCEL","CUMAP",NA,NA,NA
"129",2013,"Transportation Services","Fee Waived - Consultant","$3,855.56","TOPOPARCEL","MAPPING",NA,NA,NA
"130",2013,"Toronto Water","Fee Waived - City Staff Use","$67.80","MAPPING",NA,NA,NA,NA
"131",2013,"Toronto Water","Fee Waived - Consultant","$2,914.72","TOPOPARCEL","CUMAP","MAPPING",NA,NA
"132",2013,"Toronto Water","Fee Waived - Consultant","$508.50","TOPOPARCEL","CUMAP","MAPPING",NA,NA
"133",2013,"Toronto Water","Fee Waived - Consultant","$508.50","TOPOPARCEL","CUMAP","MAPPING",NA,NA
"134",2013,"Toronto Water","Fee Waived - Consultant","$14,887.07","MAPPING","TOPOPARCEL","CUMAP",NA,NA
"135",2013,"Toronto Water","Fee Waived - Consultant","$13,832.33","MAPPING","TOPOPARCEL","CUMAP",NA,NA
"136",2013,"Toronto Water","Fee Waived - City Staff Use","$14,887.07","MAPPING","TOPOPARCEL","CUMAP",NA,NA
"137",2013,"Parks Forestry & Recreation","Fee Waived - City Staff Use","$28.25","MAPPING",NA,NA,NA,NA
"138",2013,"Parks Forestry & Recreation","Fee Waived - City Staff Use","$28.25","MAPPING",NA,NA,NA,NA
"139",2013,"Toronto Water","Fee Waived - City Staff Use","$2,971.22","TOPOPARCEL","CUMAP","MAPPING",NA,NA
"140",2013,"Toronto Water","Fee Waived - City Staff Use","$508.50","TOPOPARCEL","CUMAP","MAPPING",NA,NA
"141",2013,"Toronto Water","Fee Waived - City Staff Use","$678.00","TOPOPARCEL","CUMAP","MAPPING",NA,NA
"142",2013,"Toronto Water","Fee Waived - Consultant","$2,971.22","TOPOPARCEL","CUMAP","MAPPING",NA,NA
"143",2013,"Toronto Water","Fee Waived - Consultant","$508.50","TOPOPARCEL","CUMAP","MAPPING",NA,NA
"144",2013,"Toronto Water","Fee Waived - Consultant","$508.50","TOPOPARCEL","CUMAP","MAPPING",NA,NA
"145",2013,"Toronto Water","Fee Waived - Consultant","$2,971.22","TOPOPARCEL","CUMAP","MAPPING",NA,NA
"146",2013,"Information & Technology","Fee Waived - City Staff Use","$28.25","MAPPING",NA,NA,NA,NA
"147",2013,"Toronto Water","Fee Waived - Consultant","$28,523.23","TOPOPARCEL","MAPPING",NA,NA,NA
"148",2013,"Toronto Water","Fee Waived - City Staff Use","$28,523.23","TOPOPARCEL","MAPPING",NA,NA,NA
"149",2013,"Public Consultation","Fee Waived - City Staff Use","$67.80","MAPPING",NA,NA,NA,NA
"150",2013,"Toronto Water","Fee Waived - Consultant","$28,523.23","TOPOPARCEL","MAPPING",NA,NA,NA
"151",2013,"Policy Planning Finance & Admin","Fee Waived - City Staff Use","$67.80","MAPPING",NA,NA,NA,NA
"152",2013,"TO2015 PanAm/ParapanAm","Fee Waived - City Staff Use","$2,128.92","TOPOPARCEL","MAPPING",NA,NA,NA
"153",2013,"City Planning","Fee Waived - City Staff Use","$67.80","MAPPING",NA,NA,NA,NA
"154",2013,"Mayors Office","Fee Waived - City Staff Use","$28.25","MAPPING",NA,NA,NA,NA
"155",2013,"Parks Forestry & Recreation","Fee Waived - Consultant","$2,101.80","PDM","TOPOPARCEL","CUMAP","MAPPING",NA
"156",2013,"City Managers Office","Fee Waived - City Staff Use","$28.25","MAPPING",NA,NA,NA,NA
"157",2013,"Engineering Construction Services","Fee Waived - Consultant","$1,045.25","MAPPING","PDM",NA,NA,NA
"158",2013,"Toronto Water","Fee Waived - City Staff Use","$56.50","MAPPING",NA,NA,NA,NA
"159",2013,"Public Health","Fee Waived - Consultant","$11,300.00","MAPPING",NA,NA,NA,NA
"160",2013,"Public Health","Fee Waived - Consultant","$9,944.00","MAPPING",NA,NA,NA,NA
"161",2013,"Public Health","Fee Waived - Consultant","$11,300.00","MAPPING",NA,NA,NA,NA
"162",2013,"City Council","Fee Waived - City Staff Use","$28.25","MAPPING",NA,NA,NA,NA
"163",2013,"City Planning","Fee Waived - City Staff Use","$27.12","MAPPING",NA,NA,NA,NA
"164",2013,"City Planning","Fee Waived - City Staff Use","$113.00","MAPPING",NA,NA,NA,NA
"165",2013,"Parks Forestry & Recreation","Fee Waived - Consultant","$1,017.00","TOPOPARCEL","CUMAP","MAPPING",NA,NA
"166",2013,"Parks Forestry & Recreation","Fee Waived - Consultant","$67.80","MAPPING",NA,NA,NA,NA
"167",2013,"Public Health","Fee Waived - Consultant","$565.00","MAPPING",NA,NA,NA,NA
"168",2013,"Toronto Water","Fee Waived - Consultant","$56.50","MAPPING",NA,NA,NA,NA
"169",2013,"Toronto Water","Fee Waived - Consultant","$56.50","MAPPING",NA,NA,NA,NA
"170",2013,"City Planning","Fee Waived - City Staff Use","$33.90","MAPPING",NA,NA,NA,NA
"171",2013,"Public Health","Fee Waived - City Staff Use","$565.00","MAPPING",NA,NA,NA,NA
"172",2013,"Public Health","Fee Waived - City Staff Use","$2,825.00","MAPPING",NA,NA,NA,NA
"173",2013,"Public Health","Fee Waived - City Staff Use","$2,825.00","MAPPING",NA,NA,NA,NA
"174",2013,"External","Fee Waived - Consultant","$226.00","TOPOPARCEL",NA,NA,NA,NA
"175",2013,"Transportation Services","Fee Waived - Consultant","$452.00","TOPOPARCEL","CUMAP",NA,NA,NA
"176",2013,"Transportation Services","Fee Waived - Consultant","$254.25","MAPPING",NA,NA,NA,NA
"177",2013,"Accounting Services","Fee Waived - City Staff Use","$1,017.00","TOPOPARCEL","CUMAP","MAPPING",NA,NA
"178",2013,"Toronto Water","Fee Waived - Consultant","$28.25","MAPPING",NA,NA,NA,NA
"179",2013,"Transportation Services","Fee Waived - Consultant","$1,017.00","TOPOPARCEL","CUMAP","MAPPING",NA,NA
"180",2013,"Parks Forestry & Recreation","Fee Waived - Consultant","$367.25","MAPPING",NA,NA,NA,NA
"181",2013,"Transportation Services","Fee Waived - Consultant","$254.25","MAPPING",NA,NA,NA,NA
"182",2013,"Transportation Services","Fee Waived - City Staff Use","$254.25","MAPPING",NA,NA,NA,NA
"183",2013,"City Council","Fee Waived - City Staff Use","$28.25","MAPPING",NA,NA,NA,NA
"184",2013,"Councillor","Fee Waived - City Staff Use","$28.25","MAPPING",NA,NA,NA,NA
"185",2013,"Public Consultation","Fee Waived - City Staff Use","$67.80","MAPPING",NA,NA,NA,NA
"186",2013,"City Clerkùs Office","Fee Waived - City Staff Use","$28.25","MAPPING",NA,NA,NA,NA
"187",2013,"City Planning","Fee Waived - Consultant","$1,423.80","MAPPING",NA,NA,NA,NA
"188",2013,"Parks Forestry & Recreation","Fee Waived - City Staff Use","$28.25","PDM",NA,NA,NA,NA
"189",2013,"Engineering Construction Services","Fee Waived - Consultant","$1,243.00","TOPOPARCEL","CUMAP","MAPPING","PDM",NA
"190",2013,"Engineering Construction Services","Fee Waived - Consultant","$1,582.00","TOPOPARCEL","CUMAP","MAPPING","PDM",NA
"191",2013,"Engineering Construction Services","Fee Waived - Consultant","$1,243.00","TOPOPARCEL","CUMAP","MAPPING","PDM",NA
"192",2013,"Engineering Construction Services","Fee Waived - Consultant","$1,243.00","TOPOPARCEL","CUMAP","MAPPING","PDM",NA
"193",2013,"Transportation Services","Fee Waived - Consultant","$180,800.00","MAPPING",NA,NA,NA,NA
"194",2013,"Waterfront Secretariat","Fee Waived - Consultant","$65,262.02","TOPOPARCEL","MAPPING",NA,NA,NA
"195",2013,"Toronto Parking Authority","Fee Waived - City Staff Use","$452.00","CUMAP","TOPOPARCEL",NA,NA,NA
"196",2013,"Shelter Support Housing Admin","Fee Waived - City Staff Use","$135.60","MAPPING",NA,NA,NA,NA
"197",2013,"Shelter Support Housing Admin","Fee Waived - City Staff Use","$135.60","MAPPING",NA,NA,NA,NA
"198",2013,"Economic Development & Culture","Fee Waived - Consultant","$1,017.00","TOPOPARCEL","CUMAP","MAPPING",NA,NA
"199",2013,"Economic Development & Culture","Fee Waived - City Staff Use","$1,017.00","MAPPING","TOPOPARCEL","CUMAP",NA,NA
"200",2013,"Parks Forestry & Recreation","Fee Waived - City Staff Use","$67.80","MAPPING",NA,NA,NA,NA
"201",2013,"City Council","Fee Waived - City Staff Use","$67.80","MAPPING",NA,NA,NA,NA
"202",2013,"Economic Development & Culture","Fee Waived - City Staff Use","$67.80","MAPPING",NA,NA,NA,NA
"203",2013,"City Planning","Fee Waived - City Staff Use","$350.30","MAPPING",NA,NA,NA,NA
"204",2013,"Transportation Services","Fee Waived - City Staff Use","$-","MAPPING",NA,NA,NA,NA
"205",2013,"Economic Development & Culture","Fee Waived - Consultant","$452.00","TOPOPARCEL","MAPPING",NA,NA,NA
"206",2013,"Economic Development & Culture","Fee Waived - Consultant","$678.00","TOPOPARCEL","CUMAP","MAPPING",NA,NA
"207",2013,"Economic Development & Culture","Fee Waived - Consultant","$1,746.53","TOPOPARCEL","CUMAP",NA,NA,NA
"208",2013,"Accounting Services","Fee Waived - City Staff Use","$67.80","MAPPING",NA,NA,NA,NA
"209",2013,"Economic Development & Culture","Fee Waived - Consultant","$1,746.53","TOPOPARCEL","CUMAP",NA,NA,NA
"210",2013,"City Planning","Fee Waived - Consultant","$18,211.08","TOPOPARCEL","MAPPING",NA,NA,NA
"211",2013,"Economic Development & Culture","Fee Waived - City Staff Use","$1,746.53","TOPOPARCEL","CUMAP",NA,NA,NA
"212",2013,"Economic Development & Culture","Fee Waived - City Staff Use","$678.00","TOPOPARCEL","CUMAP","MAPPING",NA,NA
"213",2013,"Municipal Licensing & Standards","Fee Waived - City Staff Use","$158.20","PDM",NA,NA,NA,NA
"214",2013,"Parks Forestry & Recreation","Fee Waived - City Staff Use","$339.00","TOPOPARCEL","MAPPING",NA,NA,NA
"215",2013,"Parks Forestry & Recreation","Fee Waived - City Staff Use","$339.00","TOPOPARCEL","MAPPING",NA,NA,NA
"216",2013,"Parks Forestry & Recreation","Fee Waived - Consultant","$339.00","TOPOPARCEL","MAPPING",NA,NA,NA
"217",2013,"Parks Forestry & Recreation","Fee Waived - Consultant","$254.25","TOPOPARCEL","MAPPING",NA,NA,NA
"218",2013,"Parks Forestry & Recreation","Fee Waived - City Staff Use","$254.25","TOPOPARCEL","MAPPING",NA,NA,NA
"219",2013,"Parks Forestry & Recreation","Fee Waived - City Staff Use","$254.25","TOPOPARCEL","MAPPING",NA,NA,NA
"220",2013,"Parks Forestry & Recreation","Fee Waived - Consultant","$254.25","TOPOPARCEL","MAPPING",NA,NA,NA
"221",2013,"Parks Forestry & Recreation","Fee Waived - City Staff Use","$339.00","TOPOPARCEL","MAPPING",NA,NA,NA
"222",2013,"Parks Forestry & Recreation","Fee Waived - Consultant","$339.00","TOPOPARCEL","MAPPING",NA,NA,NA
"223",2013,"City Planning","Fee Waived - Consultant","$18,154.58","TOPOPARCEL","MAPPING",NA,NA,NA
"224",2013,"Transportation Services","Fee Waived - City Staff Use","$1,845.29","MAPPING","TOPOPARCEL",NA,NA,NA
"225",2013,"Transportation Services","Fee Waived - City Staff Use","$5,676.56","TOPOPARCEL","MAPPING",NA,NA,NA
"226",2013,"Legal Services","Fee Waived - City Staff Use","$16.95","LEGAL",NA,NA,NA,NA
"227",2013,"Legal Services","Fee Waived - City Staff Use","$33.90","MAPPING",NA,NA,NA,NA
"228",2013,"City Planning","Fee Waived - Consultant","$11,996.08","TOPOPARCEL","PDM","MAPPING",NA,NA
"229",2013,"Public Consultation","Fee Waived - City Staff Use","$67.80","MAPPING",NA,NA,NA,NA
"230",2013,"Public Consultation","Fee Waived - City Staff Use","$67.80","MAPPING",NA,NA,NA,NA
"231",2013,"Public Health","Fee Waived - City Staff Use","$67.80","MAPPING",NA,NA,NA,NA
"232",2013,"Transportation Services","Fee Waived - Consultant","$16,386.13","TOPOPARCEL","MAPPING","CUMAP",NA,NA
"233",2013,"Economic Development & Culture","Fee Waived - Consultant","$5,953.07","TOPOPARCEL","CUMAP","MAPPING",NA,NA
"234",2013,"Economic Development & Culture","Fee Waived - City Staff Use","$5,953.07","TOPOPARCEL","CUMAP","MAPPING",NA,NA
"235",2013,"Engineering Construction Services","Fee Waived - Consultant","$44,833.65","TOPOPARCEL","CUMAP","MAPPING",NA,NA
"236",2013,"City Planning","Fee Waived - Consultant","$6,712.20","TOPOPARCEL","MAPPING",NA,NA,NA
"237",2013,"Engineering Construction Services","Fee Waived - City Staff Use","$44,833.65","TOPOPARCEL","CUMAP","MAPPING",NA,NA
"238",2013,"Transportation Services","Fee Waived - City Staff Use","$16,386.13","TOPOPARCEL","MAPPING","CUMAP",NA,NA
"239",2013,"Engineering Construction Services","Fee Waived - City Staff Use","$-","MAPPING",NA,NA,NA,NA
"240",2013,"City Planning","Fee Waived - Consultant","$260,917.00","MAPPING","TOPOPARCEL",NA,NA,NA
"241",2013,"City Planning","Fee Waived - City Staff Use","$260,917.00","MAPPING","TOPOPARCEL",NA,NA,NA
"242",2013,"City Council","Fee Waived - City Staff Use","$67.80","MAPPING",NA,NA,NA,NA
"243",2013,"City Planning","Fee Waived - City Staff Use","$169.50","MAPPING",NA,NA,NA,NA
"244",2013,"City Clerkùs Office","Fee Waived - City Staff Use","$135.60","MAPPING",NA,NA,NA,NA
"245",2013,"City Council","Fee Waived - City Staff Use","$40.68","MAPPING",NA,NA,NA,NA
"246",2013,"City Planning","Fee Waived - Consultant","$2,817.77","TOPOPARCEL","CUMAP","MAPPING",NA,NA
"247",2013,"City Planning","Fee Waived - City Staff Use","$169.50","MAPPING",NA,NA,NA,NA
"248",2013,"City Council","Fee Waived - City Staff Use","$40.68","MAPPING",NA,NA,NA,NA
"249",2013,"Parks Forestry & Recreation","Fee Waived - Consultant","$2,967.15","TOPOPARCEL","CUMAP","MAPPING",NA,NA
"250",2013,"City Clerks","Fee Waived - City Staff Use","$678.00","MAPPING",NA,NA,NA,NA
"251",2013,"Toronto Water","Fee Waived - Consultant","$2,515.83","TOPOPARCEL","CUMAP",NA,NA,NA
"252",2014,"Solid Waste Management","Fee Waived - Consultant","$73.45","MAPPING",NA,NA,NA,NA
"253",2014,"TO2015 PanAm/ParapanAm","Fee Waived - Consultant","$28.25","PDM",NA,NA,NA,NA
"254",2014,"Economic Development & Culture","Fee Waived - City Staff Use","$28.25","MAPPING",NA,NA,NA,NA
"255",2014,"Engineering Construction Services","Fee Waived - City Staff Use","$-","MAPPING",NA,NA,NA,NA
"256",2014,"Engineering Construction Services","Fee Waived - City Staff Use","$56.50","MAPPING",NA,NA,NA,NA
"257",2014,"Facilities Management","Fee Waived - City Staff Use","$1,084.80","TOPOPARCEL","CUMAP","MAPPING",NA,NA
"258",2014,"Facilities Management","Fee Waived - Consultant","$1,084.80","TOPOPARCEL","CUMAP","MAPPING",NA,NA
"259",2014,"Facilities Management","Fee Waived - Consultant","$1,084.80","TOPOPARCEL","CUMAP","MAPPING",NA,NA
"260",2014,"Facilities Management","Fee Waived - City Staff Use","$1,084.80","TOPOPARCEL","CUMAP","MAPPING",NA,NA
"261",2014,"Facilities Management","Fee Waived - Consultant","$1,084.80","TOPOPARCEL","CUMAP","MAPPING",NA,NA
"262",2014,"Facilities Management","Fee Waived - City Staff Use","$1,017.00","TOPOPARCEL","CUMAP","MAPPING",NA,NA
"263",2014,"Facilities Management","Fee Waived - City Staff Use","$1,084.80","TOPOPARCEL","CUMAP","MAPPING",NA,NA
"264",2014,"City Council","Fee Waived - City Staff Use","$28.25","MAPPING",NA,NA,NA,NA
"265",2014,"Facilities Management","Fee Waived - Consultant","$1,084.80","TOPOPARCEL","CUMAP","MAPPING",NA,NA
"266",2014,"Facilities Management","Fee Waived - City Staff Use","$1,084.80","TOPOPARCEL","CUMAP","MAPPING",NA,NA
"267",2014,"Facilities Management","Fee Waived - Consultant","$1,084.80","TOPOPARCEL","CUMAP","MAPPING",NA,NA
"268",2014,"Facilities Management","Fee Waived - City Staff Use","$1,084.80","TOPOPARCEL","CUMAP","MAPPING",NA,NA
"269",2014,"City Planning","Fee Waived - Consultant","$28,588.21","TOPOPARCEL","MAPPING","PDM",NA,NA
"270",2014,"Finance & Admin","Fee Waived - City Staff Use","$474.60","MAPPING",NA,NA,NA,NA
"271",2014,"City Council","Fee Waived - City Staff Use","$40.68","MAPPING",NA,NA,NA,NA
"272",2014,"Facilities Management","Fee Waived - Consultant","$198.88","PDM",NA,NA,NA,NA
"273",2014,"Police Services","Fee Waived - City Staff Use","$67.80","MAPPING",NA,NA,NA,NA
"274",2014,"Public Health","Fee Waived - City Staff Use","$474.60","MAPPING",NA,NA,NA,NA
"275",2014,"City Council","Fee Waived - City Staff Use","$67.80","MAPPING",NA,NA,NA,NA
"276",2014,"City Council","Fee Waived - City Staff Use","$28.25","MAPPING",NA,NA,NA,NA
"277",2014,"Toronto Water","Fee Waived - City Staff Use","$67.80","MAPPING",NA,NA,NA,NA
"278",2014,"City Council","Fee Waived - City Staff Use","$67.80","MAPPING",NA,NA,NA,NA
"279",2014,"City Council","Fee Waived - City Staff Use","$28.25","MAPPING",NA,NA,NA,NA
"280",2014,"City Planning","Fee Waived - Consultant","$745.80","PDM","MAPPING",NA,NA,NA
"281",2014,"Transportation Services","Fee Waived - City Staff Use","$18,542.62","TOPOPARCEL",NA,NA,NA,NA
"282",2014,"Parks Forestry & Recreation","Fee Waived - City Staff Use","$33.90","MAPPING",NA,NA,NA,NA
"283",2014,"City Planning","Fee Waived - City Staff Use","$27.12","MAPPING",NA,NA,NA,NA
"284",2014,"City Planning","Fee Waived - Consultant","$745.80","PDM","MAPPING",NA,NA,NA
"285",2014,"Toronto Water","Fee Waived - City Staff Use","$1,130.00","TOPOPARCEL","CUMAP","MAPPING",NA,NA
"286",2014,"City Planning","Fee Waived - City Staff Use","$28,588.21","TOPOPARCEL","MAPPING","PDM",NA,NA
"287",2014,"City Planning","Fee Waived - City Staff Use","$745.80","PDM","MAPPING",NA,NA,NA
"288",2014,"City Council","Fee Waived - City Staff Use","$12.43","MAPPING",NA,NA,NA,NA
"289",2014,"Parks Forestry & Recreation","Fee Waived - Consultant","$226.00","TOPOPARCEL","MAPPING",NA,NA,NA
"290",2014,"Parks Forestry & Recreation","Fee Waived - City Staff Use","$226.00","TOPOPARCEL",NA,NA,NA,NA
"291",2014,"Parks Forestry & Recreation","Fee Waived - Consultant","$226.00","TOPOPARCEL","MAPPING",NA,NA,NA
"292",2014,"Parks Forestry & Recreation","Fee Waived - Consultant","$1,243.00","TOPOPARCEL","MAPPING",NA,NA,NA
"293",2014,"Parks Forestry & Recreation","Fee Waived - Consultant","$1,186.50","TOPOPARCEL",NA,NA,NA,NA
"294",2014,"Parks Forestry & Recreation","Fee Waived - City Staff Use","$226.00","TOPOPARCEL","MAPPING",NA,NA,NA
"295",2014,"Parks Forestry & Recreation","Fee Waived - Consultant","$226.00","TOPOPARCEL","MAPPING",NA,NA,NA
"296",2014,"Parks Forestry & Recreation","Fee Waived - Consultant","$113.00","TOPOPARCEL",NA,NA,NA,NA
"297",2014,"Parks Forestry & Recreation","Fee Waived - Consultant","$226.00","TOPOPARCEL","MAPPING",NA,NA,NA
"298",2014,"Parks Forestry & Recreation","Fee Waived - Consultant","$226.00","TOPOPARCEL","MAPPING",NA,NA,NA
"299",2014,"Transportation Services","Fee Waived - City Staff Use","$1,084.80","TOPOPARCEL","CUMAP","MAPPING",NA,NA
"300",2014,"Transportation Services","Fee Waived - City Staff Use","$56.50","MAPPING",NA,NA,NA,NA
"301",2014,"City Council","Fee Waived - City Staff Use","$28.25","MAPPING",NA,NA,NA,NA
"302",2014,"City Planning","Fee Waived - City Staff Use","$67.80","MAPPING",NA,NA,NA,NA
"303",2014,"Parks Forestry & Recreation","Fee Waived - City Staff Use","$904.00","TOPOPARCEL",NA,NA,NA,NA
"304",2014,"City Council","Fee Waived - City Staff Use","$40.68","MAPPING",NA,NA,NA,NA
"305",2014,"Municipal Licensing & Standards","Fee Waived - City Staff Use","$271.20","MAPPING",NA,NA,NA,NA
"306",2014,"City Planning","Fee Waived - City Staff Use","$2,158.30","MAPPING",NA,NA,NA,NA
"307",2014,"City Planning","Fee Waived - City Staff Use","$67.80","MAPPING",NA,NA,NA,NA
"308",2014,"Transportation Services","Fee Waived - Consultant","$5,781.00","TOPOPARCEL",NA,NA,NA,NA
"309",2014,"Transportation Services","Fee Waived - Consultant","$5,781.00","TOPOPARCEL",NA,NA,NA,NA
"310",2014,"Transportation Services","Fee Waived - Consultant","$5,781.00","TOPOPARCEL",NA,NA,NA,NA
"311",2014,"Unknown","Fee Waived - Consultant","$67.80","MAPPING",NA,NA,NA,NA
"312",2014,"City Planning","Fee Waived - Consultant","$113.00","TOPOPARCEL",NA,NA,NA,NA
"313",2014,"City Planning","Fee Waived - City Staff Use","$67.80","MAPPING",NA,NA,NA,NA
"314",2014,"Economic Development & Culture","Fee Waived - Consultant","$452.00","TOPOPARCEL","CUMAP",NA,NA,NA
"315",2014,"City Planning","Fee Waived - Consultant","$113.00","TOPOPARCEL",NA,NA,NA,NA
"316",2014,"Metrolinx","Fee Waived - Consultant","$85,730.50","TOPOPARCEL","MAPPING","CUMAP","PDM",NA
"317",2014,"Transportation Services","Fee Waived - City Staff Use","$13.56","MAPPING",NA,NA,NA,NA
"318",2014,"Parks Forestry & Recreation","Fee Waived - City Staff Use","$108.48","MAPPING",NA,NA,NA,NA
"319",2014,"Parks Forestry & Recreation","Fee Waived - Consultant","$67.80","MAPPING",NA,NA,NA,NA
"320",2014,"Parks Forestry & Recreation","Fee Waived - City Staff Use","$452.00","MAPPING",NA,NA,NA,NA
"321",2014,"City Planning","Fee Waived - Consultant","$423.75","TOPOPARCEL",NA,NA,NA,NA
"322",2014,"Parks Forestry & Recreation","Fee Waived - Consultant","$141.25","MAPPING",NA,NA,NA,NA
"323",2014,"City Council","Fee Waived - City Staff Use","$12.43","MAPPING",NA,NA,NA,NA
"324",2014,"City Planning","Fee Waived - Consultant","$772.24","TOPOPARCEL","MAPPING",NA,NA,NA
"325",2014,"Engineering Construction Services","Fee Waived - City Staff Use","$2,198.30","TOPOPARCEL","CUMAP","MAPPING",NA,NA
"326",2014,"Parks Forestry & Recreation","Fee Waived - City Staff Use","$81.36","MAPPING",NA,NA,NA,NA
"327",2014,"Metrolinx","Fee Waived - Consultant","$66,560.39","TOPOPARCEL","CUMAP","MAPPING",NA,NA
"328",2014,"City Planning","Fee Waived - Consultant","$772.24","TOPOPARCEL","MAPPING",NA,NA,NA
"329",2014,"Police Services","Fee Waived - City Staff Use","$28.25","MAPPING",NA,NA,NA,NA
"330",2014,"Toronto Parking Authority","Fee Waived - City Staff Use","$81,275.25","MAPPING",NA,NA,NA,NA
"331",2014,"Transportation Services","Fee Waived - City Staff Use","$452.00","TOPOPARCEL","CUMAP",NA,NA,NA
"332",2014,"Parks Forestry & Recreation","Fee Waived - City Staff Use","$293.80","TOPOPARCEL","MAPPING",NA,NA,NA
"333",2014,"Parks Forestry & Recreation","Fee Waived - City Staff Use","$293.80","TOPOPARCEL","MAPPING",NA,NA,NA
"334",2014,"Parks Forestry & Recreation","Fee Waived - City Staff Use","$28.25","MAPPING",NA,NA,NA,NA
"335",2014,"Economic Development & Culture","Fee Waived - City Staff Use","$254.25","TOPOPARCEL","MAPPING",NA,NA,NA
"336",2014,"Engineering Construction Services","Fee Waived - City Staff Use","$5,519.82","TOPOPARCEL","CUMAP","MAPPING",NA,NA
"337",2014,"Parks Forestry & Recreation","Fee Waived - Consultant","$3,108.63","TOPOPARCEL",NA,NA,NA,NA
"338",2014,"Engineering Construction Services","Fee Waived - City Staff Use","$5,519.82","TOPOPARCEL","CUMAP","MAPPING",NA,NA
"339",2014,"Parks Forestry & Recreation","Fee Waived - Consultant","$173,189.45","MAPPING",NA,NA,NA,NA
"340",2014,"City Council","Fee Waived - City Staff Use","$28.25","MAPPING",NA,NA,NA,NA
"341",2014,"City Council","Fee Waived - City Staff Use","$40.68","MAPPING",NA,NA,NA,NA
"342",2014,"City Planning","Fee Waived - Consultant","$176,974.95","MAPPING",NA,NA,NA,NA
"343",2014,"City Planning","Fee Waived - Consultant","$21,684.70","MAPPING",NA,NA,NA,NA
"344",2014,"City Council","Fee Waived - City Staff Use","$39.55","MAPPING",NA,NA,NA,NA
"345",2014,"City Council","Fee Waived - City Staff Use","$28.25","MAPPING",NA,NA,NA,NA
"346",2014,"City Council","Fee Waived - City Staff Use","$28.25","MAPPING",NA,NA,NA,NA
"347",2014,"Transportation Services","Fee Waived - City Staff Use","$63.28","PDM",NA,NA,NA,NA
"348",2014,"Parks Forestry & Recreation","Fee Waived - City Staff Use","$16.95","MAPPING",NA,NA,NA,NA
"349",2014,"Chief Corporate Office","Fee Waived - City Staff Use","$16.95","MAPPING",NA,NA,NA,NA
"350",2014,"Transportation Services","Fee Waived - City Staff Use","$20,797.65","TOPOPARCEL","MAPPING",NA,NA,NA
"351",2014,"Parks Forestry & Recreation","Fee Waived - City Staff Use","$406.80","TOPOPARCEL","MAPPING",NA,NA,NA
"352",2014,"Engineering Construction Services","Fee Waived - City Staff Use","$340,271.25","MAPPING","TOPOPARCEL","PDM",NA,NA
"353",2014,"City Planning","Fee Waived - City Staff Use","$310.75","MAPPING",NA,NA,NA,NA
"354",2014,"Parks Forestry & Recreation","Fee Waived - City Staff Use","$13.56","MAPPING",NA,NA,NA,NA
"355",2014,"Transportation Services","Fee Waived - City Staff Use","$39.55","MAPPING",NA,NA,NA,NA
"356",2014,"Parks Forestry & Recreation","Fee Waived - City Staff Use","$226.00","TOPOPARCEL","MAPPING",NA,NA,NA
"357",2014,"Parks Forestry & Recreation","Fee Waived - Consultant","$791.00","MAPPING",NA,NA,NA,NA
"358",2014,"Toronto Water","Fee Waived - City Staff Use","$16.95","MAPPING",NA,NA,NA,NA
"359",2014,"Parks Forestry & Recreation","Fee Waived - City Staff Use","$226.00","TOPOPARCEL","MAPPING",NA,NA,NA
"360",2014,"Parks Forestry & Recreation","Fee Waived - City Staff Use","$226.00","TOPOPARCEL","MAPPING",NA,NA,NA
"361",2014,"Engineering Construction Services","Fee Waived - City Staff Use","$158.20","MAPPING",NA,NA,NA,NA
"362",2014,"Parks Forestry & Recreation","Fee Waived - City Staff Use","$226.00","TOPOPARCEL","MAPPING",NA,NA,NA
"363",2014,"Transportation Services","Fee Waived - City Staff Use","$226.00","TOPOPARCEL",NA,NA,NA,NA
"364",2014,"Engineering Construction Services","Fee Waived - Consultant","$113.00","MAPPING",NA,NA,NA,NA
"365",2014,"Parks Forestry & Recreation","Fee Waived - City Staff Use","$22.60","PDM",NA,NA,NA,NA
"366",2014,"City Planning","Fee Waived - Consultant","$1,604.60","TOPOPARCEL","CUMAP","MAPPING",NA,NA
"367",2014,"Parks Forestry & Recreation","Fee Waived - City Staff Use","$565.00","TOPOPARCEL","PDM",NA,NA,NA
"368",2014,"Engineering Construction Services","Fee Waived - Consultant","$2,438.99","TOPOPARCEL","CUMAP","MAPPING",NA,NA
"369",2014,"Parks Forestry & Recreation","Fee Waived - Consultant","$2,992.35","TOPOPARCEL","MAPPING",NA,NA,NA
"370",2014,"Parks Forestry & Recreation","Fee Waived - Consultant","$452.00","TOPOPARCEL","MAPPING",NA,NA,NA
"371",2014,"Parks Forestry & Recreation","Fee Waived - City Staff Use","$2,992.35","TOPOPARCEL","MAPPING",NA,NA,NA
"372",2014,"Parks Forestry & Recreation","Fee Waived - City Staff Use","$452.00","TOPOPARCEL","MAPPING",NA,NA,NA
"373",2014,"Transportation Services","Fee Waived - Consultant","$2,311.98","TOPOPARCEL","CUMAP","MAPPING",NA,NA
"374",2014,"Toronto Water","Fee Waived - Consultant","$169,500.00","MAPPING",NA,NA,NA,NA
"375",2014,"Transportation Services","Fee Waived - Consultant","$2,204.63","TOPOPARCEL","CUMAP","MAPPING",NA,NA
"376",2014,"Transportation Services","Fee Waived - Consultant","$525.45","TOPOPARCEL",NA,NA,NA,NA
"377",2014,"Parks Forestry & Recreation","Fee Waived - City Staff Use","$6.78","MAPPING",NA,NA,NA,NA
"378",2014,"Engineering Construction Services","Fee Waived - City Staff Use","$248.60","MAPPING",NA,NA,NA,NA
"379",2014,"City Planning","Fee Waived - City Staff Use","$16.95","MAPPING",NA,NA,NA,NA
"380",2014,"City Planning","Fee Waived - City Staff Use","$16.95","MAPPING",NA,NA,NA,NA
"381",2014,"Toronto Water","Fee Waived - City Staff Use","$169,500.00","MAPPING",NA,NA,NA,NA
"382",2014,"City Planning","Fee Waived - Consultant","$20,255.25","MAPPING","TOPOPARCEL",NA,NA,NA
"383",2014,"City Planning","Fee Waived - Consultant","$22,769.50","MAPPING","TOPOPARCEL",NA,NA,NA
"384",2014,"Economic Development & Culture","Fee Waived - City Staff Use","$28.25","MAPPING",NA,NA,NA,NA
"385",2014,"Engineering Construction Services","Fee Waived - Consultant","$1,077.34","TOPOPARCEL",NA,NA,NA,NA
"386",2014,"Childrens Services","Fee Waived - Consultant","$1,243.00","TOPOPARCEL","CUMAP","MAPPING","PDM",NA
"387",2014,"Parks Forestry & Recreation","Fee Waived - City Staff Use","$180.80","TOPOPARCEL","MAPPING",NA,NA,NA
"388",2014,"Parks Forestry & Recreation","Fee Waived - City Staff Use","$180.80","TOPOPARCEL","MAPPING",NA,NA,NA
"389",2014,"City Planning","Fee Waived - Consultant","$22,769.50","MAPPING","TOPOPARCEL",NA,NA,NA
"390",2014,"Engineering Construction Services","Fee Waived - Consultant","$1,017.00","TOPOPARCEL","CUMAP","MAPPING",NA,NA
"391",2014,"Transportation Services","Fee Waived - City Staff Use","$106.22","MAPPING","PDM",NA,NA,NA
"392",2014,"Chief Corporate Office","Fee Waived - City Staff Use","$16.95","MAPPING",NA,NA,NA,NA
"393",2014,"Public Health","Fee Waived - City Staff Use","$96.05","MAPPING",NA,NA,NA,NA
"394",2014,"Transportation Services","Fee Waived - City Staff Use","$146.90","MAPPING","PDM",NA,NA,NA
"395",2014,"Engineering Construction Services","Fee Waived - Consultant","$367.25","MAPPING",NA,NA,NA,NA
"396",2014,"Accounting Services","Fee Waived - City Staff Use","$339.00","MAPPING",NA,NA,NA,NA
"397",2014,"Accounting Services","Fee Waived - City Staff Use","$339.00","MAPPING",NA,NA,NA,NA
"398",2014,"Police Services","Fee Waived - City Staff Use","$339.00","MAPPING",NA,NA,NA,NA
"399",2014,"City Council","Fee Waived - City Staff Use","$226.00","MAPPING",NA,NA,NA,NA
"400",2014,"Engineering Construction Services","Fee Waived - Consultant","$310.75","MAPPING",NA,NA,NA,NA
"401",2014,"Police Services","Fee Waived - City Staff Use","$11,492.10","MAPPING",NA,NA,NA,NA
"402",2014,"Communiction Services","Fee Waived - City Staff Use","$-","MAPPING",NA,NA,NA,NA
"403",2014,"Transportation Services","Fee Waived - City Staff Use","$28.25","MAPPING",NA,NA,NA,NA
"404",2014,"City Planning","Fee Waived - City Staff Use","$113.00","MAPPING",NA,NA,NA,NA
"405",2014,"City Planning","Fee Waived - City Staff Use","$67.80","MAPPING",NA,NA,NA,NA
"406",2014,"Transportation Services","Fee Waived - Consultant","$375.73","MAPPING",NA,NA,NA,NA
"407",2014,"Transportation Services","Fee Waived - Consultant","$375.73","MAPPING",NA,NA,NA,NA
"408",2014,"Transportation Services","Fee Waived - City Staff Use","$56.50","MAPPING",NA,NA,NA,NA
"409",2014,"Transportation Services","Fee Waived - City Staff Use","$226.00","TOPOPARCEL",NA,NA,NA,NA
"410",2014,"Parks Forestry & Recreation","Fee Waived - City Staff Use","$1,073.50","TOPOPARCEL","CUMAP","MAPPING",NA,NA
"411",2014,"Toronto Community Housing","Fee Waived - City Staff Use","$1,077.34","TOPOPARCEL",NA,NA,NA,NA
"412",2014,"Parks Forestry & Recreation","Fee Waived - City Staff Use","$1,214.75","TOPOPARCEL","CUMAP","MAPPING",NA,NA
"413",2014,"Parks Forestry & Recreation","Fee Waived - City Staff Use","$339.00","TOPOPARCEL","MAPPING",NA,NA,NA
"414",2014,"Police Services","Fee Waived - City Staff Use","$67.80","MAPPING",NA,NA,NA,NA
"415",2014,"Parks Forestry & Recreation","Fee Waived - City Staff Use","$67.80","MAPPING",NA,NA,NA,NA
"416",2014,"Engineering Construction Services","Fee Waived - City Staff Use","$67.80","MAPPING",NA,NA,NA,NA
"417",2014,"Real Estate Services","Fee Waived - City Staff Use","$11.30","MAPPING",NA,NA,NA,NA
"418",2014,"Transportation Services","Fee Waived - City Staff Use","$3,955.00","MAPPING",NA,NA,NA,NA
"419",2015,"Parks Forestry & Recreation","Fee Waived - City Staff Use","$226.00","TOPOPARCEL","MAPPING",NA,NA,NA
"420",2015,"Transportation Services","Fee Waived - City Staff Use","$28.25","MAPPING",NA,NA,NA,NA
"421",2015,"City Council","Fee Waived - City Staff Use","$203.40","MAPPING",NA,NA,NA,NA
"422",2015,"Parks Forestry & Recreation","Fee Waived - City Staff Use","$45.20","MAPPING",NA,NA,NA,NA
"423",2015,"Engineering Construction Services","Fee Waived - Consultant","$146.90","MAPPING",NA,NA,NA,NA
"424",2015,"Accounting Services","Fee Waived - City Staff Use","$226.00","TOPOPARCEL","PDM",NA,NA,NA
"425",2015,"City Council","Fee Waived - City Staff Use","$28.25","MAPPING",NA,NA,NA,NA
"426",2015,"Chief Corporate Office","Fee Waived - City Staff Use","$452.00","TOPOPARCEL","CUMAP",NA,NA,NA
"427",2015,"Parks Forestry & Recreation","Fee Waived - City Staff Use","$536.75","TOPOPARCEL","PDM","MAPPING",NA,NA
"428",2015,"Parks Forestry & Recreation","Fee Waived - Consultant","$536.75","TOPOPARCEL","PDM","MAPPING",NA,NA
"429",2015,"Transportation Services","Fee Waived - City Staff Use","$11.30","MAPPING",NA,NA,NA,NA
"430",2015,"Childrens Services","Fee Waived - City Staff Use","$11.30","MAPPING",NA,NA,NA,NA
"431",2015,"Fire Services","Fee Waived - City Staff Use","$11.30","MAPPING",NA,NA,NA,NA
"432",2015,"City Council","Fee Waived - City Staff Use","$28.25","MAPPING",NA,NA,NA,NA
"433",2015,"City Council","Fee Waived - City Staff Use","$28.25","MAPPING",NA,NA,NA,NA
"434",2015,"City Council","Fee Waived - City Staff Use","$28.25","MAPPING",NA,NA,NA,NA
"435",2015,"City Council","Fee Waived - City Staff Use","$28.25","MAPPING",NA,NA,NA,NA
"436",2015,"Toronto Parking Authority","Fee Waived - City Staff Use","$452.00","TOPOPARCEL","CUMAP",NA,NA,NA
"437",2015,"City Council","Fee Waived - City Staff Use","$28.25","MAPPING",NA,NA,NA,NA
"438",2015,"City Council","Fee Waived - City Staff Use","$5.65","MAPPING",NA,NA,NA,NA
"439",2015,"City Clerks","Fee Waived - City Staff Use","$11.30","MAPPING",NA,NA,NA,NA
"440",2015,"City Planning","Fee Waived - City Staff Use","$-","MAPPING",NA,NA,NA,NA
"441",2015,"City Planning","Fee Waived - City Staff Use","$-","MAPPING",NA,NA,NA,NA
"442",2015,"Police Services","Fee Waived - City Staff Use","$-","MAPPING",NA,NA,NA,NA
"443",2015,"Economic Development & Culture","Fee Waived - City Staff Use","$4,678.20","TOPOPARCEL","CUMAP",NA,NA,NA
"444",2015,"Public Health","Fee Waived - City Staff Use","$28.25","MAPPING",NA,NA,NA,NA
"445",2015,"Parks Forestry & Recreation","Fee Waived - City Staff Use","$45.20","MAPPING",NA,NA,NA,NA
"446",2015,"Toronto Community Housing","Fee Waived - City Staff Use","$2,370.29","TOPOPARCEL","CUMAP",NA,NA,NA
"447",2015,"City Planning","Fee Waived - City Staff Use","$452.00","TOPOPARCEL",NA,NA,NA,NA
"448",2015,"Fire Services","Fee Waived - City Staff Use","$28.25","MAPPING",NA,NA,NA,NA
"449",2015,"City Planning","Fee Waived - City Staff Use","$14,129.52","TOPOPARCEL",NA,NA,NA,NA
"450",2015,"City Planning","Fee Waived - City Staff Use","$452.00","TOPOPARCEL",NA,NA,NA,NA
"451",2015,"Transportation Services","Fee Waived - City Staff Use","$-","MAPPING",NA,NA,NA,NA
"452",2015,"City Council","Fee Waived - City Staff Use","$474.60","MAPPING",NA,NA,NA,NA
"453",2015,"Engineering Construction Services","Fee Waived - City Staff Use","$11.30","MAPPING",NA,NA,NA,NA
"454",2015,"Municipal Licensing & Standards","Fee Waived - City Staff Use","$271.20","MAPPING",NA,NA,NA,NA
"455",2015,"Transportation Services","Fee Waived - City Staff Use","$1,017.00","TOPOPARCEL","CUMAP","MAPPING",NA,NA
"456",2015,"Transportation Services","Fee Waived - City Staff Use","$1,017.00","TOPOPARCEL","CUMAP","MAPPING",NA,NA
"457",2015,"Transportation Services","Fee Waived - Consultant","$1,017.00","TOPOPARCEL","CUMAP","MAPPING",NA,NA
"458",2015,"Councillor","Fee Waived - City Staff Use","$271.20","MAPPING",NA,NA,NA,NA
"459",2015,"Councillor","Fee Waived - City Staff Use","$271.20","MAPPING",NA,NA,NA,NA
"460",2015,"City Planning","Fee Waived - City Staff Use","$2,113.10","CUMAP",NA,NA,NA,NA
"461",2015,"Engineering Construction Services","Fee Waived - City Staff Use","$113.00","MAPPING",NA,NA,NA,NA
"462",2015,"Parks Forestry & Recreation","Fee Waived - City Staff Use","$197.75","MAPPING",NA,NA,NA,NA
"463",2015,"Parks Forestry & Recreation","Fee Waived - City Staff Use","$226.00","TOPOPARCEL","MAPPING",NA,NA,NA
"464",2015,"Fire Services","Fee Waived - City Staff Use","$28.25","MAPPING",NA,NA,NA,NA
"465",2015,"City Planning","Fee Waived - Consultant","$678.00","PDM",NA,NA,NA,NA
"466",2015,"City Planning","Fee Waived - Consultant","$678.00","PDM",NA,NA,NA,NA
"467",2015,"Fire Services","Fee Waived - City Staff Use","$28.25","MAPPING",NA,NA,NA,NA
"468",2015,"Fire Services","Fee Waived - City Staff Use","$28.25","MAPPING",NA,NA,NA,NA
"469",2015,"Parks Forestry & Recreation","Fee Waived - City Staff Use","$2,064.06","PDM","TOPOPARCEL","CUMAP","MAPPING",NA
"470",2015,"Parks Forestry & Recreation","Fee Waived - City Staff Use","$2,064.06","TOPOPARCEL","CUMAP","PDM","MAPPING",NA
"471",2015,"Transportation Services","Fee Waived - City Staff Use","$11.30","MAPPING",NA,NA,NA,NA
"472",2015,"Transportation Services","Fee Waived - City Staff Use","$-","MAPPING",NA,NA,NA,NA
"473",2015,"City Council","Fee Waived - City Staff Use","$28.25","MAPPING",NA,NA,NA,NA
"474",2015,"City Council","Fee Waived - City Staff Use","$28.25","MAPPING",NA,NA,NA,NA
"475",2015,"City Council","Fee Waived - City Staff Use","$28.25","MAPPING",NA,NA,NA,NA
"476",2015,"Councillor","Fee Waived - City Staff Use","$-","MAPPING",NA,NA,NA,NA
"477",2015,"Accounting Services","Fee Waived - City Staff Use","$113.00","TOPOPARCEL",NA,NA,NA,NA
"478",2015,"City Council","Fee Waived - City Staff Use","$28.25","MAPPING",NA,NA,NA,NA
"479",2015,"City Council","Fee Waived - City Staff Use","$28.25","MAPPING",NA,NA,NA,NA
"480",2015,"City Council","Fee Waived - City Staff Use","$28.25","MAPPING",NA,NA,NA,NA
"481",2015,"City Council","Fee Waived - City Staff Use","$28.25","MAPPING",NA,NA,NA,NA
"482",2015,"City Council","Fee Waived - City Staff Use","$28.25","MAPPING",NA,NA,NA,NA
"483",2015,"City Council","Fee Waived - City Staff Use","$28.25","MAPPING",NA,NA,NA,NA
"484",2015,"City Council","Fee Waived - City Staff Use","$28.25","MAPPING",NA,NA,NA,NA
"485",2015,"City Council","Fee Waived - City Staff Use","$28.25","MAPPING",NA,NA,NA,NA
"486",2015,"City Council","Fee Waived - City Staff Use","$28.25","MAPPING",NA,NA,NA,NA
"487",2015,"City Council","Fee Waived - City Staff Use","$28.25","MAPPING",NA,NA,NA,NA
"488",2015,"Transportation Services","Fee Waived - City Staff Use","$5.65","MAPPING",NA,NA,NA,NA
"489",2015,"Transportation Services","Fee Waived - City Staff Use","$5.65","MAPPING",NA,NA,NA,NA
"490",2015,"City Planning","Fee Waived - Consultant","$226.00","PDM",NA,NA,NA,NA
"491",2015,"City Planning","Fee Waived - Consultant","$226.00","PDM",NA,NA,NA,NA
"492",2015,"Parks Forestry & Recreation","Fee Waived - City Staff Use","$226.00","TOPOPARCEL","MAPPING",NA,NA,NA
"493",2015,"Fire Services","Fee Waived - City Staff Use","$11.30","MAPPING",NA,NA,NA,NA
"494",2015,"City Planning","Fee Waived - City Staff Use","$1,775.00","TOPOPARCEL",NA,NA,NA,NA
"495",2015,"Engineering Construction Services","Fee Waived - City Staff Use","$226.00","TOPOPARCEL","MAPPING",NA,NA,NA
"496",2015,"City Planning","Fee Waived - City Staff Use","$282.50","MAPPING",NA,NA,NA,NA
"497",2015,"City Planning","Fee Waived - City Staff Use","$180,800.00","MAPPING",NA,NA,NA,NA
"498",2015,"City Planning","Fee Waived - City Staff Use","$56.50","MAPPING",NA,NA,NA,NA
"499",2015,"City Planning","Fee Waived - Consultant","$113.00","PDM",NA,NA,NA,NA
"500",2015,"Municipal Licensing & Standards","Fee Waived - City Staff Use","$11.30","MAPPING",NA,NA,NA,NA
"501",2015,"Councillor","Fee Waived - Consultant","$28.25","MAPPING",NA,NA,NA,NA
"502",2015,"Parks Forestry & Recreation","Fee Waived - City Staff Use","$113.00","MAPPING",NA,NA,NA,NA
"503",2015,"Parks Forestry & Recreation","Fee Waived - Consultant","$113.00","MAPPING",NA,NA,NA,NA
"504",2015,"Real Estate Services","Fee Waived - City Staff Use","$11.30","MAPPING",NA,NA,NA,NA
"505",2015,"Police Services","Fee Waived - City Staff Use","$158.20","PDM",NA,NA,NA,NA
"506",2015,"Engineering Construction Services","Fee Waived - City Staff Use","$3,703.69","TOPOPARCEL","MAPPING","PDM",NA,NA
"507",2015,"Parks Forestry & Recreation","Fee Waived - City Staff Use","$226.00","TOPOPARCEL","MAPPING",NA,NA,NA
"508",2015,"Parks Forestry & Recreation","Fee Waived - Consultant","$339.00","TOPOPARCEL",NA,NA,NA,NA
"509",2015,"Parks Forestry & Recreation","Fee Waived - Consultant","$339.00","TOPOPARCEL",NA,NA,NA,NA
"510",2015,"City Planning","Fee Waived - Consultant","$226.00","PDM",NA,NA,NA,NA
"511",2015,"City Planning","Fee Waived - Consultant","$226.00","PDM",NA,NA,NA,NA
"512",2015,"City Planning","Fee Waived - Consultant","$226.00","PDM",NA,NA,NA,NA
"513",2015,"City Council","Fee Waived - City Staff Use","$28.25","MAPPING",NA,NA,NA,NA
"514",2015,"Parks Forestry & Recreation","Fee Waived - Consultant","$339.00","MAPPING",NA,NA,NA,NA
"515",2015,"City Planning","Fee Waived - Consultant","$-","MAPPING",NA,NA,NA,NA
"516",2015,"Engineering Construction Services","Fee Waived - Consultant","$2,149.15","TOPOPARCEL","PDM","MAPPING",NA,NA
"517",2015,"Engineering Construction Services","Fee Waived - Consultant","$649.75","TOPOPARCEL","CUMAP","MAPPING",NA,NA
"518",2015,"City Planning","Fee Waived - Consultant","$5,562.76","TOPOPARCEL","MAPPING",NA,NA,NA
"519",2015,"Toronto Water","Fee Waived - City Staff Use","$339.00","TOPOPARCEL",NA,NA,NA,NA
"520",2015,"Parks Forestry & Recreation","Fee Waived - Consultant","$508.50","TOPOPARCEL","CUMAP","MAPPING",NA,NA
"521",2015,"Parks Forestry & Recreation","Fee Waived - Consultant","$1,110.56","TOPOPARCEL",NA,NA,NA,NA
"522",2015,"City Council","Fee Waived - City Staff Use","$28.25","MAPPING",NA,NA,NA,NA
"523",2015,"Engineering Construction Services","Fee Waived - Consultant","$10,949.70","TOPOPARCEL","CUMAP","MAPPING",NA,NA
"524",2015,"Information & Technology","Fee Waived - Consultant","$2,457.75","MAPPING",NA,NA,NA,NA
"525",2015,"Information & Technology","Fee Waived - Consultant","$2,457.75","MAPPING",NA,NA,NA,NA
"526",2015,"Solid Waste Management","Fee Waived - City Staff Use","$226.00","TOPOPARCEL",NA,NA,NA,NA
"527",2015,"Information & Technology","Fee Waived - Consultant","$2,457.75","MAPPING",NA,NA,NA,NA
"528",2015,"Information & Technology","Fee Waived - Consultant","$1,751.50","MAPPING",NA,NA,NA,NA
"529",2015,"Engineering Construction Services","Fee Waived - Consultant","$203.40","MAPPING",NA,NA,NA,NA
"530",2015,"City Council","Fee Waived - City Staff Use","$28.25","MAPPING",NA,NA,NA,NA
"531",2015,"City Council","Fee Waived - City Staff Use","$28.25","MAPPING",NA,NA,NA,NA
"532",2015,"City Council","Fee Waived - City Staff Use","$28.25","MAPPING",NA,NA,NA,NA
"533",2015,"City Council","Fee Waived - City Staff Use","$28.25","MAPPING",NA,NA,NA,NA
"534",2015,"City Council","Fee Waived - City Staff Use","$28.25","MAPPING",NA,NA,NA,NA
"535",2015,"City Council","Fee Waived - City Staff Use","$28.25","MAPPING",NA,NA,NA,NA
"536",2015,"City Council","Fee Waived - City Staff Use","$28.25","LEGAL",NA,NA,NA,NA
"537",2015,"City Council","Fee Waived - City Staff Use","$28.25","MAPPING",NA,NA,NA,NA
"538",2015,"City Council","Fee Waived - City Staff Use","$28.25","MAPPING",NA,NA,NA,NA
"539",2015,"City Council","Fee Waived - City Staff Use","$28.25","MAPPING",NA,NA,NA,NA
"540",2015,"City Council","Fee Waived - City Staff Use","$28.25","MAPPING",NA,NA,NA,NA
"541",2015,"Accounting Services","Fee Waived - City Staff Use","$11.30","MAPPING",NA,NA,NA,NA
"542",2015,"City Planning","Fee Waived - Consultant","$7,524.67","TOPOPARCEL","MAPPING",NA,NA,NA
"543",2015,"Transportation Services","Fee Waived - City Staff Use","$11.30","MAPPING",NA,NA,NA,NA
"544",2015,"Transportation Services","Fee Waived - City Staff Use","$11.30","MAPPING",NA,NA,NA,NA
"545",2015,"Parks Forestry & Recreation","Fee Waived - Consultant","$3,837.48","TOPOPARCEL","CUMAP","MAPPING",NA,NA
"546",2015,"Engineering Construction Services","Fee Waived - Consultant","$73.45","MAPPING",NA,NA,NA,NA
"547",2015,"Engineering Construction Services","Fee Waived - Consultant","$73.45","MAPPING",NA,NA,NA,NA
"548",2015,"Engineering Construction Services","Fee Waived - Consultant","$73.45","MAPPING",NA,NA,NA,NA
"549",2015,"Engineering Construction Services","Fee Waived - Consultant","$73.45","MAPPING",NA,NA,NA,NA
"550",2015,"Engineering Construction Services","Fee Waived - Consultant","$73.45","MAPPING",NA,NA,NA,NA
"551",2015,"Engineering Construction Services","Fee Waived - Consultant","$73.45","MAPPING",NA,NA,NA,NA
"552",2015,"Engineering Construction Services","Fee Waived - Consultant","$73.45","MAPPING",NA,NA,NA,NA
"553",2015,"Transportation Services","Fee Waived - City Staff Use","$11.30","MAPPING",NA,NA,NA,NA
"554",2015,"Parks Forestry & Recreation","Fee Waived - Consultant","$452.00","TOPOPARCEL","CUMAP",NA,NA,NA
"555",2015,"Parks Forestry & Recreation","Fee Waived - Consultant","$5,509.88","TOPOPARCEL","CUMAP","MAPPING",NA,NA
"556",2015,"Parks Forestry & Recreation","Fee Waived - City Staff Use","$5,509.88","TOPOPARCEL","CUMAP","MAPPING",NA,NA
"557",2015,"Parks Forestry & Recreation","Fee Waived - City Staff Use","$452.00","TOPOPARCEL","CUMAP",NA,NA,NA
"558",2015,"City Planning","Fee Waived - City Staff Use","$67.80","MAPPING",NA,NA,NA,NA
"559",2015,"Solid Waste Management","Fee Waived - City Staff Use","$11.30","MAPPING",NA,NA,NA,NA
"560",2015,"City Council","Fee Waived - City Staff Use","$33.90","MAPPING",NA,NA,NA,NA
"561",2015,"Transportation Services","Fee Waived - Consultant","$734.50","MAPPING",NA,NA,NA,NA
"562",2015,"Engineering Construction Services","Fee Waived - Consultant","$807.95","MAPPING",NA,NA,NA,NA
"563",2015,"Engineering Construction Services","Fee Waived - Consultant","$807.95","MAPPING",NA,NA,NA,NA
"564",2015,"Parks Forestry & Recreation","Fee Waived - Consultant","$508.50","TOPOPARCEL","CUMAP","MAPPING",NA,NA
"565",2015,"City Council","Fee Waived - City Staff Use","$68.93","MAPPING",NA,NA,NA,NA
"566",2015,"Engineering Construction Services","Fee Waived - Consultant","$357.51","TOPOPARCEL","MAPPING",NA,NA,NA
"567",2015,"City Council","Fee Waived - City Staff Use","$16.95","MAPPING",NA,NA,NA,NA
"568",2015,"Toronto Water","Fee Waived - Consultant","$30,114.50","MAPPING",NA,NA,NA,NA
"569",2015,"Toronto Water","Fee Waived - Consultant","$110,467.90","CUMAP","TOPOPARCEL",NA,NA,NA
"570",2015,"Engineering Construction Services","Fee Waived - Consultant","$6,124.37","MAPPING","TOPOPARCEL","CUMAP",NA,NA
"571",2015,"Parks Forestry & Recreation","Fee Waived - Consultant","$531.10","TOPOPARCEL","CUMAP","MAPPING",NA,NA
"572",2015,"Toronto Water","Fee Waived - Consultant","$110,467.90","CUMAP","TOPOPARCEL",NA,NA,NA
"573",2015,"Transportation Services","Fee Waived - City Staff Use","$11.30","MAPPING",NA,NA,NA,NA
"574",2015,"Parks Forestry & Recreation","Fee Waived - City Staff Use","$960.50","TOPOPARCEL","CUMAP","MAPPING","PDM",NA
"575",2015,"Parks Forestry & Recreation","Fee Waived - Consultant","$452.00","PDM",NA,NA,NA,NA
"576",2015,"Engineering Construction Services","Fee Waived - City Staff Use","$6,124.37","TOPOPARCEL","CUMAP","MAPPING",NA,NA
"577",2015,"Parks Forestry & Recreation","Fee Waived - Consultant","$226.00","TOPOPARCEL",NA,NA,NA,NA
"578",2015,"City Planning","Fee Waived - Consultant","$949.20","MAPPING",NA,NA,NA,NA
"579",2015,"City Council","Fee Waived - City Staff Use","$56.50","MAPPING",NA,NA,NA,NA
"580",2015,"Economic Development & Culture","Fee Waived - City Staff Use","$28.25","MAPPING",NA,NA,NA,NA
"581",2015,"Parks Forestry & Recreation","Fee Waived - Consultant","$339.00","TOPOPARCEL","PDM",NA,NA,NA
"582",2015,"City Planning","Fee Waived - Consultant","$949.20","MAPPING",NA,NA,NA,NA
"583",2015,"Parks Forestry & Recreation","Fee Waived - City Staff Use","$16.95","MAPPING",NA,NA,NA,NA
"584",2015,"City Council","Fee Waived - City Staff Use","$7.38","MAPPING",NA,NA,NA,NA
"585",2015,"Engineering Construction Services","Fee Waived - Consultant","$632.80","TOPOPARCEL","CUMAP","MAPPING",NA,NA
"586",2015,"Engineering Construction Services","Fee Waived - Consultant","$2,407.92","TOPOPARCEL","CUMAP","MAPPING",NA,NA
"587",2015,"Engineering Construction Services","Fee Waived - Consultant","$632.80","TOPOPARCEL","CUMAP","MAPPING",NA,NA
"588",2015,"Transportation Services","Fee Waived - Consultant","$1,775.00","TOPOPARCEL",NA,NA,NA,NA
"589",2015,"Parks Forestry & Recreation","Fee Waived - Consultant","$1,203.45","TOPOPARCEL","CUMAP","MAPPING",NA,NA
"590",2015,"Parks Forestry & Recreation","Fee Waived - City Staff Use","$977.45","TOPOPARCEL","MAPPING",NA,NA,NA
"591",2015,"Parks Forestry & Recreation","Fee Waived - Consultant","$977.45","TOPOPARCEL","MAPPING",NA,NA,NA
"592",2015,"Engineering Construction Services","Fee Waived - Consultant","$632.80","TOPOPARCEL","CUMAP","MAPPING",NA,NA
"593",2015,"Parks Forestry & Recreation","Fee Waived - City Staff Use","$226.00","TOPOPARCEL","MAPPING",NA,NA,NA
"594",2015,"Toronto Water","Fee Waived - Consultant","$457.65","TOPOPARCEL","MAPPING",NA,NA,NA
"595",2015,"Toronto Water","Fee Waived - Consultant","$457.65","TOPOPARCEL","MAPPING",NA,NA,NA
"596",2015,"Toronto Water","Fee Waived - Consultant","$514.15","TOPOPARCEL","MAPPING",NA,NA,NA
"597",2015,"Toronto Water","Fee Waived - Consultant","$457.65","TOPOPARCEL","MAPPING",NA,NA,NA
"598",2015,"Toronto Water","Fee Waived - Consultant","$457.65","TOPOPARCEL","MAPPING",NA,NA,NA
"599",2015,"Engineering Construction Services","Fee Waived - Consultant","$141.25","MAPPING",NA,NA,NA,NA
"600",2015,"Engineering Construction Services","Fee Waived - Consultant","$141.25","MAPPING",NA,NA,NA,NA
"601",2015,"Engineering Construction Services","Fee Waived - City Staff Use","$141.25","MAPPING",NA,NA,NA,NA
"602",2015,"Engineering Construction Services","Fee Waived - Consultant","$802.30","TOPOPARCEL","CUMAP","MAPPING",NA,NA
"603",2015,"Engineering Construction Services","Fee Waived - Consultant","$141.25","MAPPING",NA,NA,NA,NA
"604",2015,"Engineering Construction Services","Fee Waived - City Staff Use","$141.25","MAPPING",NA,NA,NA,NA
"605",2015,"Engineering Construction Services","Fee Waived - Consultant","$632.80","TOPOPARCEL","CUMAP","MAPPING",NA,NA
"606",2015,"Engineering Construction Services","Fee Waived - Consultant","$2,407.92","TOPOPARCEL","CUMAP","MAPPING",NA,NA
"607",2015,"Engineering Construction Services","Fee Waived - Consultant","$632.80","TOPOPARCEL","CUMAP","MAPPING",NA,NA
"608",2015,"Engineering Construction Services","Fee Waived - Consultant","$474.60","TOPOPARCEL","MAPPING",NA,NA,NA
"609",2015,"City Planning","Fee Waived - Consultant","$2,518.54","TOPOPARCEL","MAPPING",NA,NA,NA
"610",2015,"City Planning","Fee Waived - Consultant","$2,518.54","TOPOPARCEL","MAPPING",NA,NA,NA
"611",2015,"City Planning","Fee Waived - Consultant","$2,518.54","TOPOPARCEL","MAPPING",NA,NA,NA
"612",2015,"Engineering Construction Services","Fee Waived - Consultant","$220.35","MAPPING",NA,NA,NA,NA
"613",2015,"Toronto Water","Fee Waived - Consultant","$339.00","TOPOPARCEL",NA,NA,NA,NA
"614",2015,"Transportation Services","Fee Waived - City Staff Use","$226.00","TOPOPARCEL",NA,NA,NA,NA
"615",2015,"Transportation Services","Fee Waived - Consultant","$3,225.92","TOPOPARCEL","PDM",NA,NA,NA
"616",2015,"Engineering Construction Services","Fee Waived - Consultant","$113.00","PDM",NA,NA,NA,NA
"617",2015,"Parks Forestry & Recreation","Fee Waived - Consultant","$7,429.75","MAPPING",NA,NA,NA,NA
"618",2015,"Engineering Construction Services","Fee Waived - Consultant",NA,"MAPPING",NA,NA,NA,NA
"619",2015,"Engineering Construction Services","Fee Waived - Consultant","$14,690.00","MAPPING",NA,NA,NA,NA
"620",2015,"ABC","Fee Waived - Consultant","$113.00","MAPPING",NA,NA,NA,NA
"621",2015,"City Planning","Fee Waived - Consultant","$3,084.90","CUMAP","MAPPING",NA,NA,NA
"622",2015,"Economic Development & Culture","Fee Waived - City Staff Use","$4,678.20","TOPOPARCEL","CUMAP",NA,NA,NA
"623",2015,"Economic Development & Culture","Fee Waived - City Staff Use","$4,678.20","TOPOPARCEL","CUMAP",NA,NA,NA
"624",2015,"Economic Development & Culture","Fee Waived - City Staff Use","$4,054.44","TOPOPARCEL","CUMAP",NA,NA,NA
"625",2015,"Economic Development & Culture","Fee Waived - City Staff Use","$4,366.32","TOPOPARCEL","CUMAP",NA,NA,NA
"626",2015,"Parks Forestry & Recreation","Fee Waived - Consultant","$180.80","MAPPING",NA,NA,NA,NA
"627",2015,"Parks Forestry & Recreation","Fee Waived - Consultant","$316.40","MAPPING",NA,NA,NA,NA
"628",2015,"City Planning","Fee Waived - Consultant","$3,310.90","CUMAP","MAPPING",NA,NA,NA
"629",2015,"Engineering Construction Services","Fee Waived - Consultant","$966.38","TOPOPARCEL","CUMAP",NA,NA,NA
"630",2015,"Parks Forestry & Recreation","Fee Waived - Consultant","$226.00","CUMAP",NA,NA,NA,NA
"631",2015,"Toronto Water","Fee Waived - Consultant","$203.40","MAPPING",NA,NA,NA,NA
"632",2015,"Parks Forestry & Recreation","Fee Waived - Consultant","$226.00","CUMAP",NA,NA,NA,NA
"633",2015,"Parks Forestry & Recreation","Fee Waived - City Staff Use","$226.00","TOPOPARCEL","MAPPING",NA,NA,NA
"634",2015,"City Planning","Fee Waived - City Staff Use","$56.50","MAPPING",NA,NA,NA,NA
"635",2015,"Parks Forestry & Recreation","Fee Waived - City Staff Use","$40.68","MAPPING",NA,NA,NA,NA
"636",2015,"Engineering Construction Services","Fee Waived - Consultant","$452.00","TOPOPARCEL","CUMAP",NA,NA,NA
"637",2015,"City Clerks","Fee Waived - City Staff Use","$11.30","MAPPING",NA,NA,NA,NA
"638",2015,"City Clerks","Fee Waived - City Staff Use","$11.30","MAPPING",NA,NA,NA,NA
"639",2015,"Fire Services","Fee Waived - City Staff Use","$24.86","MAPPING",NA,NA,NA,NA
"640",2015,"Facilities Management","Fee Waived - Consultant","$339.00","MAPPING",NA,NA,NA,NA
"641",2015,"Parks Forestry & Recreation","Fee Waived - City Staff Use","$61.47","MAPPING",NA,NA,NA,NA
"642",2015,"Engineering Construction Services","Fee Waived - Consultant","$28,281.10","TOPOPARCEL",NA,NA,NA,NA
"643",2015,"Transportation Services","Fee Waived - City Staff Use","$226.00","CUMAP",NA,NA,NA,NA
"644",2015,"Facilities Management","Fee Waived - Consultant","$226.00","TOPOPARCEL",NA,NA,NA,NA
"645",2016,"Engineering Construction Services","Fee Waived - Consultant","$2,474.33","TOPOPARCEL","CUMAP","MAPPING",NA,NA
"646",2016,"Toronto Water","Fee Waived - Consultant","$5,632.96","MAPPING",NA,NA,NA,NA
"647",2016,"Parks Forestry & Recreation","Fee Waived - Consultant","$277.08","TOPOPARCEL","MAPPING",NA,NA,NA
"648",2016,"Toronto Water","Fee Waived - Consultant","$57,172.98","TOPOPARCEL","MAPPING",NA,NA,NA
"649",2016,"Toronto Water","Fee Waived - Consultant","$9,172.80","MAPPING",NA,NA,NA,NA
"650",2016,"Parks Forestry & Recreation","Fee Waived - Consultant","$688.15","TOPOPARCEL","PDM","CUMAP",NA,NA
"651",2016,"Engineering Construction Services","Fee Waived - Consultant","$565.00","MAPPING",NA,NA,NA,NA
"652",2016,"Transportation Services","Fee Waived - Consultant","$1,017.00","TOPOPARCEL","CUMAP","MAPPING",NA,NA
"653",2016,"Engineering Construction Services","Fee Waived - City Staff Use","$1,152.60","MAPPING","PDM","TOPOPARCEL","CUMAP",NA
"654",2016,"Engineering Construction Services","Fee Waived - City Staff Use","$1,491.60","TOPOPARCEL","CUMAP","MAPPING","PDM",NA
"655",2016,"Engineering Construction Services","Fee Waived - City Staff Use","$1,265.60","TOPOPARCEL","CUMAP","MAPPING","PDM",NA
"656",2016,"Engineering Construction Services","Fee Waived - City Staff Use","$785.35","TOPOPARCEL","CUMAP","MAPPING","PDM",NA
"657",2016,"City Planning","Fee Waived - Consultant","$14,591.26","PDM","MAPPING",NA,NA,NA
"658",2016,"Engineering Construction Services","Fee Waived - Consultant","$30,471.49","TOPOPARCEL","MAPPING",NA,NA,NA
"659",2016,"Engineering Construction Services","Fee Waived - Consultant","$33,593.80","TOPOPARCEL","MAPPING",NA,NA,NA
"660",2016,"Engineering Construction Services","Fee Waived - Consultant","$12,718.74","TOPOPARCEL","MAPPING",NA,NA,NA
"661",2016,"Engineering Construction Services","Fee Waived - Consultant","$15,203.29","TOPOPARCEL","MAPPING",NA,NA,NA
"662",2016,"Engineering Construction Services","Fee Waived - Consultant","$64,216.80","TOPOPARCEL","MAPPING",NA,NA,NA
"663",2016,"Transportation Services","Fee Waived - Consultant","$1,970.54","PDM",NA,NA,NA,NA
"664",2016,"Engineering Construction Services","Fee Waived - Consultant","$38,955.17","TOPOPARCEL","MAPPING",NA,NA,NA
"665",2016,"Engineering Construction Services","Fee Waived - Consultant","$15,203.29","TOPOPARCEL","MAPPING",NA,NA,NA
"666",2016,"Engineering Construction Services","Fee Waived - Consultant","$30,471.49","TOPOPARCEL","MAPPING",NA,NA,NA
"667",2016,"Parks Forestry & Recreation","Fee Waived - City Staff Use","$1,311.66","TOPOPARCEL","MAPPING",NA,NA,NA
"668",2016,"Toronto Water","Fee Waived - City Staff Use","$4.93","PDM",NA,NA,NA,NA
"669",2016,"Transportation Services","Fee Waived - Consultant","$246.29","PDM",NA,NA,NA,NA
"670",2016,"Real Estate Services","Fee Waived - Consultant","$226.00","TOPOPARCEL",NA,NA,NA,NA
"671",2016,"Parks Forestry & Recreation","Fee Waived - Consultant","$452.00","TOPOPARCEL","CUMAP",NA,NA,NA
"672",2016,"Economic Development & Culture","Fee Waived - City Staff Use","$113,418.76","PDM",NA,NA,NA,NA
"673",2016,"Fire Services","Fee Waived - City Staff Use","$13.53","MAPPING",NA,NA,NA,NA
"674",2016,"Engineering Construction Services","Fee Waived - Consultant","$605.91","TOPOPARCEL","CUMAP","MAPPING",NA,NA
"675",2016,"Toronto Water","Fee Waived - Consultant","$985.00","MAPPING",NA,NA,NA,NA
"676",2016,"City Council","Fee Waived - City Staff Use","$30.78","MAPPING",NA,NA,NA,NA
"677",2016,"Parks Forestry & Recreation","Fee Waived - City Staff Use","$226.00","TOPOPARCEL","MAPPING",NA,NA,NA
"678",2016,"Engineering Construction Services","Fee Waived - Consultant","$66,195.24","TOPOPARCEL","CUMAP","MAPPING",NA,NA
"679",2016,"Economic Development & Culture","Fee Waived - City Staff Use","$862.11","PDM",NA,NA,NA,NA
"680",2016,"City Planning","Fee Waived - Consultant","$2,709.11","TOPOPARCEL","MAPPING",NA,NA,NA
"681",2016,"City Planning","Fee Waived - Consultant","$4,309.37","MAPPING",NA,NA,NA,NA
"682",2016,"Engineering Construction Services","Fee Waived - Consultant","$59,166.24","MAPPING",NA,NA,NA,NA
"683",2016,"City Planning","Fee Waived - Consultant","$123.15","PDM",NA,NA,NA,NA
"684",2016,"City Planning","Fee Waived - Consultant","$123.15","PDM",NA,NA,NA,NA
"685",2016,"Parks Forestry & Recreation","Fee Waived - City Staff Use","$18.08","MAPPING",NA,NA,NA,NA
"686",2016,"Economic Development & Culture","Fee Waived - City Staff Use","$492.59","TOPOPARCEL","CUMAP",NA,NA,NA
"687",2016,"Engineering Construction Services","Fee Waived - Consultant","$1,896.37","MAPPING","TOPOPARCEL",NA,NA,NA
"688",2016,"Transportation Services","Fee Waived - City Staff Use","$-","MAPPING",NA,NA,NA,NA
"689",2016,"Engineering Construction Services","Fee Waived - Consultant","$3,940.72","CUMAP","TOPOPARCEL",NA,NA,NA
"690",2016,"Transportation Services","Fee Waived - City Staff Use","$30.78","MAPPING",NA,NA,NA,NA
"691",2016,"City Planning","Fee Waived - Consultant","$104,084.23","MAPPING","TOPOPARCEL","PDM",NA,NA
"692",2016,"City Planning","Fee Waived - Consultant","$22,035.00","MAPPING",NA,NA,NA,NA
"693",2016,"Transportation Services","Fee Waived - Consultant","$1,027.15","PDM","MAPPING","TOPOPARCEL",NA,NA
"694",2016,"Transportation Services","Fee Waived - Consultant","$226.00","TOPOPARCEL","PDM",NA,NA,NA
"695",2016,"Transportation Services","Fee Waived - Consultant","$1,027.15","TOPOPARCEL","PDM","MAPPING",NA,NA
"696",2016,"Parks Forestry & Recreation","Fee Waived - City Staff Use","$246.32","TOPOPARCEL","MAPPING",NA,NA,NA
"697",2016,"Parks Forestry & Recreation","Fee Waived - Consultant","$246.32","TOPOPARCEL",NA,NA,NA,NA
"698",2016,"Parks Forestry & Recreation","Fee Waived - Consultant","$22,414.88","TOPOPARCEL",NA,NA,NA,NA
"699",2016,"Engineering Construction Services","Fee Waived - Consultant","$813.26","TOPOPARCEL","MAPPING",NA,NA,NA
"700",2016,"Transportation Services","Fee Waived - Consultant","$369.48","TOPOPARCEL","MAPPING",NA,NA,NA
"701",2016,"Engineering Construction Services","Fee Waived - Consultant","$153.91","MAPPING",NA,NA,NA,NA
"702",2016,"City Planning","Fee Waived - Consultant","$2,260.00","MAPPING",NA,NA,NA,NA
"703",2016,"Social Development & Admin","Fee Waived - Consultant","$1,427.11","PDM","MAPPING",NA,NA,NA
"704",2016,"City Planning","Fee Waived - City Staff Use","$4.93","PDM",NA,NA,NA,NA
"705",2016,"Engineering Construction Services","Fee Waived - Consultant","$2,406.67","TOPOPARCEL","CUMAP","MAPPING",NA,NA
"706",2016,"Engineering Construction Services","Fee Waived - Consultant","$2,286.49","TOPOPARCEL","CUMAP","MAPPING",NA,NA
"707",2016,"Parks Forestry & Recreation","Fee Waived - City Staff Use","$246.32","TOPOPARCEL","MAPPING",NA,NA,NA
"708",2016,"Social Development & Admin","Fee Waived - Consultant","$35.28","PDM",NA,NA,NA,NA
"709",2016,"Social Development & Admin","Fee Waived - Consultant","$271.20","MAPPING",NA,NA,NA,NA
"710",2016,"Parks Forestry & Recreation","Fee Waived - Consultant","$3,993.88","MAPPING",NA,NA,NA,NA
"711",2016,"Toronto Water","Fee Waived - Consultant","$1,451.61","TOPOPARCEL","CUMAP","MAPPING",NA,NA
"712",2016,"Transportation Services","Fee Waived - City Staff Use","$12.31","MAPPING",NA,NA,NA,NA
"713",2016,"Engineering Construction Services","Fee Waived - Consultant","$908.85","TOPOPARCEL","PDM","MAPPING",NA,NA
"714",2016,"Social Development & Admin","Fee Waived - Consultant","$2,759.78","CUMAP","MAPPING","PDM",NA,NA
"715",2016,"Parks Forestry & Recreation","Fee Waived - Consultant","$246.32","CUMAP",NA,NA,NA,NA
"716",2016,"Parks Forestry & Recreation","Fee Waived - Consultant","$369.44","TOPOPARCEL",NA,NA,NA,NA
"717",2016,"Public Health","Fee Waived - City Staff Use","$52.88","MAPPING",NA,NA,NA,NA
"718",2016,"Toronto Water","Fee Waived - Consultant","$5.04","PDM",NA,NA,NA,NA
"719",2016,"Toronto Water","Fee Waived - Consultant","$374.48","PDM","TOPOPARCEL",NA,NA,NA
"720",2016,"Transportation Services","Fee Waived - Consultant","$403.53","TOPOPARCEL","PDM","MAPPING",NA,NA
"721",2016,"City Planning","Fee Waived - Consultant","$1,289.36","MAPPING",NA,NA,NA,NA
"722",2016,"Social Development & Admin","Fee Waived - Consultant","$985.18","TOPOPARCEL",NA,NA,NA,NA
"723",2016,"City Planning","Fee Waived - Consultant","$31.45","MAPPING",NA,NA,NA,NA
"724",2016,"City Planning","Fee Waived - City Staff Use","$1,289.36","MAPPING",NA,NA,NA,NA
"725",2016,"Transportation Services","Fee Waived - City Staff Use","$1,226.84","MAPPING",NA,NA,NA,NA
"726",2016,"Parks Forestry & Recreation","Fee Waived - Consultant","$615.74","PDM",NA,NA,NA,NA
"727",2016,"City Planning","Fee Waived - Consultant","$22,117.00","PDM","MAPPING","TOPOPARCEL",NA,NA
"728",2016,"Parks Forestry & Recreation","Fee Waived - City Staff Use","$1,231.47","TOPOPARCEL","MAPPING",NA,NA,NA
"729",2016,"City Planning","Fee Waived - Consultant","$48,849.76","MAPPING",NA,NA,NA,NA
"730",2016,"Social Development & Admin","Fee Waived - Consultant","$985.18","TOPOPARCEL",NA,NA,NA,NA
"731",2016,"Social Development & Admin","Fee Waived - Consultant","$1,427.11","PDM","CUMAP",NA,NA,NA
"732",2016,"City Council","Fee Waived - City Staff Use","$27.83","MAPPING",NA,NA,NA,NA
"733",2016,"Engineering Construction Services","Fee Waived - Consultant","$995.94","TOPOPARCEL","PDM","CUMAP",NA,NA
"734",2016,"Parks Forestry & Recreation","Fee Waived - Consultant","$497.63","PDM","TOPOPARCEL","CUMAP","MAPPING",NA
"735",2016,"Engineering Construction Services","Fee Waived - Consultant","$995.94","TOPOPARCEL","PDM","CUMAP",NA,NA
"736",2016,"City Planning","Fee Waived - City Staff Use","$5.04","PDM",NA,NA,NA,NA
"737",2016,"Engineering Construction Services","Fee Waived - Consultant","$81.78","MAPPING",NA,NA,NA,NA
"738",2016,"Engineering Construction Services","Fee Waived - Consultant","$492.59","TOPOPARCEL","CUMAP",NA,NA,NA
"739",2016,"City Planning","Fee Waived - City Staff Use","$13,779.05","TOPOPARCEL","MAPPING",NA,NA,NA
"740",2016,"Toronto Water","Fee Waived - Consultant","$119,470.57","MAPPING",NA,NA,NA,NA
"741",2016,"Engineering Construction Services","Fee Waived - Consultant","$497.92","MAPPING","TOPOPARCEL","PDM",NA,NA
"742",2016,"City Planning","Fee Waived - Consultant","$13,779.05","TOPOPARCEL","MAPPING",NA,NA,NA
"743",2016,"Engineering Construction Services","Fee Waived - Consultant","$497.92","TOPOPARCEL","MAPPING","PDM",NA,NA
"744",2016,"Parks Forestry & Recreation","Fee Waived - Consultant","$5,172.19","TOPOPARCEL",NA,NA,NA,NA
"745",2016,"Parks Forestry & Recreation","Fee Waived - Consultant","$157.24","MAPPING",NA,NA,NA,NA
"746",2016,"Toronto Parking Authority","Fee Waived - City Staff Use","$738.88","CUMAP",NA,NA,NA,NA
"747",2016,"Transportation Services","Fee Waived - City Staff Use","$30.78","MAPPING",NA,NA,NA,NA
"748",2016,"City Council","Fee Waived - City Staff Use","$135.60","MAPPING",NA,NA,NA,NA
"749",2016,"Engineering Construction Services","Fee Waived - Consultant","$408.82","MAPPING",NA,NA,NA,NA
"750",2016,"Engineering Construction Services","Fee Waived - City Staff Use","$408.82","MAPPING",NA,NA,NA,NA
"751",2016,"Engineering Construction Services","Fee Waived - Consultant","$408.82","MAPPING",NA,NA,NA,NA
"752",2016,"Engineering Construction Services","Fee Waived - Consultant","$62.90","MAPPING",NA,NA,NA,NA
"753",2016,"Engineering Construction Services","Fee Waived - City Staff Use","$-","MAPPING",NA,NA,NA,NA
"754",2016,"Economic Development & Culture","Fee Waived - Consultant","$1,487.10","CUMAP","PDM","MAPPING",NA,NA
"755",2016,"Engineering Construction Services","Fee Waived - Consultant","$-","MAPPING",NA,NA,NA,NA
"756",2016,"Toronto Water","Fee Waived - Consultant","$21,720.14","PDM","TOPOPARCEL","CUMAP","MAPPING",NA
"757",2016,"ABC","Fee Waived - Consultant","$1,335.00","MAPPING","CUMAP","PDM","TOPOPARCEL",NA
"758",2016,"Parks Forestry & Recreation","Fee Waived - City Staff Use","$62.90","MAPPING",NA,NA,NA,NA
"759",2016,"Transportation Services","Fee Waived - Consultant","$3,207.77","TOPOPARCEL","CUMAP","MAPPING","PDM",NA
"760",2016,"Parks Forestry & Recreation","Fee Waived - City Staff Use","$246.29","TOPOPARCEL","MAPPING",NA,NA,NA
"761",2016,"Engineering Construction Services","Fee Waived - Consultant","$408.82","MAPPING",NA,NA,NA,NA
"762",2016,"Paramedic Services","Fee Waived - City Staff Use","$113.00","MAPPING",NA,NA,NA,NA
"763",2016,"Engineering Construction Services","Fee Waived - Consultant","$3,176.24","MAPPING",NA,NA,NA,NA
"764",2016,"Parks Forestry & Recreation","Fee Waived - Consultant","$2,424.90","TOPOPARCEL","MAPPING","PDM",NA,NA
"765",2016,"Engineering Construction Services","Fee Waived - Consultant","$3,176.24","MAPPING",NA,NA,NA,NA
"766",2016,"Engineering Construction Services","Fee Waived - Consultant","$81.78","MAPPING",NA,NA,NA,NA
"767",2016,"Engineering Construction Services","Fee Waived - Consultant","$17,664.07","MAPPING",NA,NA,NA,NA
"768",2016,"Engineering Construction Services","Fee Waived - Consultant","$35,655.25","MAPPING",NA,NA,NA,NA
"769",2016,"Engineering Construction Services","Fee Waived - Consultant","$-","MAPPING",NA,NA,NA,NA
"770",2016,"City Planning","Fee Waived - Consultant","$13,462.96","PDM","MAPPING",NA,NA,NA
"771",2016,"Economic Development & Culture","Fee Waived - City Staff Use","$7.38","MAPPING",NA,NA,NA,NA
"772",2016,"City Council","Fee Waived - City Staff Use","$31.45","MAPPING",NA,NA,NA,NA
"773",2016,"City Planning","Fee Waived - City Staff Use","$13,462.96","PDM","MAPPING",NA,NA,NA
"774",2016,"Fire Services","Fee Waived - City Staff Use","$7.54","MAPPING",NA,NA,NA,NA
"775",2016,"Transportation Services","Fee Waived - Consultant","$1,763.38","TOPOPARCEL","MAPPING",NA,NA,NA
"776",2016,"Engineering Construction Services","Fee Waived - Consultant","$1,390.23","MAPPING",NA,NA,NA,NA
"777",2016,"City Planning","Fee Waived - Consultant","$1,628.56","MAPPING",NA,NA,NA,NA
"778",2016,"Fire Services","Fee Waived - City Staff Use","$7.38","MAPPING",NA,NA,NA,NA
"779",2016,"City Planning","Fee Waived - Consultant","$4,874.42","MAPPING",NA,NA,NA,NA
"780",2016,"Economic Development & Culture","Fee Waived - Consultant","$513.43","TOPOPARCEL","MAPPING","PDM",NA,NA
"781",2016,"Engineering Construction Services","Fee Waived - Consultant","$4,062.02","MAPPING","TOPOPARCEL",NA,NA,NA
"782",2016,"Toronto Water","Fee Waived - Consultant","$1,761.62","TOPOPARCEL","CUMAP","MAPPING","PDM",NA
"783",2016,"Toronto Water","Fee Waived - Consultant","$1,635.79","TOPOPARCEL","CUMAP","MAPPING","PDM",NA
"784",2016,"Toronto Water","Fee Waived - Consultant","$1,384.11","TOPOPARCEL","CUMAP","MAPPING","PDM",NA
"785",2016,"Toronto Water","Fee Waived - Consultant","$2,705.29","TOPOPARCEL","CUMAP","MAPPING","PDM",NA
"786",2016,"Toronto Water","Fee Waived - Consultant","$125.84","TOPOPARCEL",NA,NA,NA,NA
"787",2016,"City Council","Fee Waived - City Staff Use","$44.97","MAPPING",NA,NA,NA,NA
"788",2016,"Toronto Water","Fee Waived - Consultant","$1,635.79","TOPOPARCEL","CUMAP","MAPPING","PDM",NA
"789",2016,"Engineering Construction Services","Fee Waived - Consultant","$314.48","MAPPING",NA,NA,NA,NA
"790",2016,"Engineering Construction Services","Fee Waived - Consultant","$314.48","MAPPING",NA,NA,NA,NA
"791",2016,"Parks Forestry & Recreation","Fee Waived - City Staff Use","$193.64","TOPOPARCEL","MAPPING",NA,NA,NA
"792",2016,"Toronto Water","Fee Waived - Consultant","$408.95","MAPPING",NA,NA,NA,NA
"793",2016,"City Planning","Fee Waived - Consultant","$20,334.49","PDM","TOPOPARCEL",NA,NA,NA
"794",2016,"City Planning","Fee Waived - City Staff Use","$377.51","TOPOPARCEL","CUMAP",NA,NA,NA
"795",2016,"Engineering Construction Services","Fee Waived - Consultant","$314.48","MAPPING",NA,NA,NA,NA
"796",2016,"City Planning","Fee Waived - Consultant","$41,426.69","PDM","TOPOPARCEL",NA,NA,NA
"797",2016,"Parks Forestry & Recreation","Fee Waived - City Staff Use","$50.33","MAPPING",NA,NA,NA,NA
"798",2016,"City Planning","Fee Waived - Consultant","$14,402.58","TOPOPARCEL","CUMAP","PDM","MAPPING",NA
"799",2017,"Parks Forestry & Recreation","Fee Waived - City Staff Use","$288.79","TOPOPARCEL","PDM","MAPPING",NA,NA
"800",2017,"Police Services","Fee Waived - City Staff Use","$-","MAPPING",NA,NA,NA,NA
"801",2017,"Transportation Services","Fee Waived - Consultant","$1,454.03","PDM","TOPOPARCEL","MAPPING",NA,NA
"802",2017,"Facilities Management","Fee Waived - Consultant","$385.07","TOPOPARCEL","PDM",NA,NA,NA
